run_id,n_samples,label,fault_id,is_normal,start_index,end_index,fault_onset,split
1904955,2000,0->14,14,False,1,2000,600,train
2779215,2000,0->13,13,False,1,2000,600,train
4423142,2000,0->8,8,False,1,2000,600,train
5112970,2000,0->17,17,False,1,2000,600,train
7962110,2000,0->10,10,False,1,2000,600,train
8336872,2000,0->23,23,False,1,2000,600,train
12415567,2000,0->21,21,False,1,2000,600,test
14229130,2000,0->25,25,False,1,2000,600,test
15006163,2000,0->28,28,False,1,2000,600,train
18576573,2000,0->25,25,False,1,2000,600,test
19305444,2000,0->28,28,False,1,2000,600,train
25106552,2000,0->21,21,False,1,2000,600,test
25237457,2000,0->8,8,False,1,2000,600,train
25980605,2000,0->17,17,False,1,2000,600,train
29038537,2000,0->10,10,False,1,2000,600,train
29188063,2000,0->23,23,False,1,2000,600,train
31423244,2000,0->14,14,False,1,2000,600,train
31982200,2000,0->13,13,False,1,2000,600,train
33932223,2000,0->8,8,False,1,2000,600,train
34126547,2000,0->17,17,False,1,2000,600,train
34534085,2000,0->24,24,False,1,2000,600,train
37733287,2000,0->10,10,False,1,2000,600,train
39563106,2000,0->14,14,False,1,2000,600,train
40687126,2000,0->13,13,False,1,2000,600,train
43641029,2000,0->16,16,False,1,2000,600,test
44015827,2000,0->25,25,False,1,2000,600,test
44189578,2000,0->28,28,False,1,2000,600,train
49963841,2000,0->7,7,False,1,2000,600,train
50056214,2000,0->21,21,False,1,2000,600,test
54004086,2000,0->7,7,False,1,2000,600,train
54109729,2000,0->21,21,False,1,2000,600,test
55306319,2000,0->4,4,False,1,2000,600,test
56328946,2000,0->16,16,False,1,2000,600,test
56478436,2000,0->25,25,False,1,2000,600,test
56634813,2000,0->28,28,False,1,2000,600,train
60409173,2000,0->14,14,False,1,2000,600,train
61783073,2000,0->13,13,False,1,2000,600,train
63416712,2000,0->8,8,False,1,2000,600,train
63623396,2000,0->17,17,False,1,2000,600,train
63740146,2000,0->24,24,False,1,2000,600,train
66955664,2000,0->10,10,False,1,2000,600,train
70258429,2000,0->21,21,False,1,2000,600,test
70665963,2000,0->12,12,False,1,2000,600,test
71096518,2000,0->18,18,False,1,2000,600,train
72639032,2000,0->25,25,False,1,2000,600,test
72732015,2000,0->3,3,False,1,2000,600,train
74024289,2000,0->28,28,False,1,2000,600,train
76574089,2000,0->14,14,False,1,2000,600,train
77683947,2000,0->20,20,False,1,2000,600,train
78058749,2000,0->13,13,False,1,2000,600,train
79919160,2000,0->17,17,False,1,2000,600,train
80609620,2000,0->8,8,False,1,2000,600,train
83099980,2000,0->10,10,False,1,2000,600,train
83956239,2000,0->17,17,False,1,2000,600,train
84700003,2000,0->8,8,False,1,2000,600,train
87452539,2000,0->10,10,False,1,2000,600,train
89262014,2000,0->14,14,False,1,2000,600,train
90388188,2000,0->20,20,False,1,2000,600,train
90537674,2000,0->13,13,False,1,2000,600,train
93718543,2000,0->25,25,False,1,2000,600,test
93824856,2000,0->3,3,False,1,2000,600,train
99771594,2000,0->21,21,False,1,2000,600,test
99888348,2000,0->12,12,False,1,2000,600,test
100578033,2000,0->18,18,False,1,2000,600,train
101899361,2000,0->25,25,False,1,2000,600,test
103025218,2000,0->4,4,False,1,2000,600,train
103758648,2000,0->28,28,False,1,2000,600,train
108441764,2000,0->21,21,False,1,2000,600,test
109430369,2000,0->17,17,False,1,2000,600,train
109625101,2000,0->8,8,False,1,2000,600,train
112377621,2000,0->10,10,False,1,2000,600,train
114334662,2000,0->27,27,False,1,2000,600,train
114742224,2000,0->14,14,False,1,2000,600,train
115452580,2000,0->13,13,False,1,2000,600,train
118682097,2000,0->27,27,False,1,2000,600,train
118798823,2000,0->14,14,False,1,2000,600,train
119783571,2000,0->13,13,False,1,2000,600,train
122137686,2000,0->17,17,False,1,2000,600,train
122344762,2000,0->8,8,False,1,2000,600,train
124835106,2000,0->10,10,False,1,2000,600,train
129292947,2000,0->21,21,False,1,2000,600,test
131118678,2000,0->25,25,False,1,2000,600,test
132538485,2000,0->4,4,False,1,2000,600,train
132993295,2000,0->28,28,False,1,2000,600,train
134226574,2000,0->3,3,False,1,2000,600,train
134319577,2000,0->25,25,False,1,2000,600,test
134727119,2000,0->16,16,False,1,2000,600,test
137845754,2000,0->4,4,False,1,2000,600,train
140749066,2000,0->12,12,False,1,2000,600,test
140791371,2000,0->7,7,False,1,2000,600,train
141113127,2000,0->18,18,False,1,2000,600,train
143712207,2000,0->24,24,False,1,2000,600,train
144087001,2000,0->17,17,False,1,2000,600,train
145204923,2000,0->23,23,False,1,2000,600,train
147049086,2000,0->27,27,False,1,2000,600,train
150254346,2000,0->20,20,False,1,2000,600,train
151101513,2000,0->27,27,False,1,2000,600,train
154589501,2000,0->20,20,False,1,2000,600,train
156415480,2000,0->24,24,False,1,2000,600,train
156564974,2000,0->17,17,False,1,2000,600,train
157666444,2000,0->23,23,False,1,2000,600,train
161596221,2000,0->12,12,False,1,2000,600,test
161883260,2000,0->7,7,False,1,2000,600,train
162225424,2000,0->18,18,False,1,2000,600,train
163727545,2000,0->3,3,False,1,2000,600,train
163833838,2000,0->25,25,False,1,2000,600,test
163950584,2000,0->16,16,False,1,2000,600,test
167064013,2000,0->4,4,False,1,2000,600,train
170061842,2000,0->7,7,False,1,2000,600,train
170202963,2000,0->12,12,False,1,2000,600,test
170887550,2000,0->18,18,False,1,2000,600,train
172063638,2000,0->16,16,False,1,2000,600,test
172399831,2000,0->3,3,False,1,2000,600,train
175236515,2000,0->4,4,False,1,2000,600,train
175822041,2000,0->28,28,False,1,2000,600,train
176518183,2000,0->27,27,False,1,2000,600,train
179440979,2000,0->20,20,False,1,2000,600,train
181821846,2000,0->24,24,False,1,2000,600,train
182524130,2000,0->23,23,False,1,2000,600,train
182931700,2000,0->10,10,False,1,2000,600,train
184394852,2000,0->8,8,False,1,2000,600,test
185863073,2000,0->24,24,False,1,2000,600,train
186872533,2000,0->23,23,False,1,2000,600,train
186989251,2000,0->10,10,False,1,2000,600,train
189210128,2000,0->27,27,False,1,2000,600,train
193139105,2000,0->16,16,False,1,2000,600,test
193263328,2000,0->3,3,False,1,2000,600,train
196317076,2000,0->4,4,False,1,2000,600,train
196656878,2000,0->28,28,False,1,2000,600,train
199268901,2000,0->7,7,False,1,2000,600,train
199720292,2000,0->12,12,False,1,2000,600,train
200139593,2000,0->18,18,False,1,2000,600,train
204134921,2000,0->23,23,False,1,2000,600,train
206110426,2000,0->14,14,False,1,2000,600,train
206485196,2000,0->27,27,False,1,2000,600,train
209309624,2000,0->20,20,False,1,2000,600,train
210418045,2000,0->16,16,False,1,2000,600,train
210591292,2000,0->3,3,False,1,2000,600,train
213526344,2000,0->4,4,False,1,2000,600,train
216288149,2000,0->18,18,False,1,2000,600,train
216609529,2000,0->7,7,False,1,2000,600,train
216978872,2000,0->12,12,False,1,2000,600,test
220602786,2000,0->18,18,False,1,2000,600,train
220944590,2000,0->7,7,False,1,2000,600,train
221036431,2000,0->12,12,False,1,2000,600,test
222876490,2000,0->16,16,False,1,2000,600,test
223294475,2000,0->3,3,False,1,2000,600,train
225987967,2000,0->4,4,False,1,2000,600,train
227185901,2000,0->14,14,False,1,2000,600,train
227335419,2000,0->27,27,False,1,2000,600,train
230401423,2000,0->20,20,False,1,2000,600,train
232769866,2000,0->24,24,False,1,2000,600,train
233353278,2000,0->23,23,False,1,2000,600,train
235407509,2000,0->27,27,False,1,2000,600,train
238631415,2000,0->13,13,False,1,2000,600,train
239038945,2000,0->20,20,False,1,2000,600,train
240135262,2000,0->8,8,False,1,2000,600,train
240852260,2000,0->24,24,False,1,2000,600,train
241984592,2000,0->23,23,False,1,2000,600,train
245560780,2000,0->18,18,False,1,2000,600,train
245918689,2000,0->12,12,False,1,2000,600,test
246293495,2000,0->21,21,False,1,2000,600,test
246385824,2000,0->7,7,False,1,2000,600,train
248242277,2000,0->3,3,False,1,2000,600,train
248252196,2000,0->16,16,False,1,2000,600,test
251435281,2000,0->4,4,False,1,2000,600,train
252283474,2000,0->3,3,False,1,2000,600,train
252603667,2000,0->16,16,False,1,2000,600,test
255783718,2000,0->4,4,False,1,2000,600,train
257990651,2000,0->18,18,False,1,2000,600,train
258605526,2000,0->12,12,False,1,2000,600,test
258755008,2000,0->21,21,False,1,2000,600,test
258860695,2000,0->7,7,False,1,2000,600,train
261244521,2000,0->8,8,False,1,2000,600,train
261715731,2000,0->24,24,False,1,2000,600,train
263065191,2000,0->23,23,False,1,2000,600,train
264921762,2000,0->27,27,False,1,2000,600,train
268129216,2000,0->13,13,False,1,2000,600,train
268245974,2000,0->20,20,False,1,2000,600,train
270002276,2000,0->28,28,False,1,2000,600,train
273665199,2000,0->7,7,False,1,2000,600,train
277507145,2000,0->10,10,False,1,2000,600,train
279997521,2000,0->8,8,False,1,2000,600,train
280687228,2000,0->2,2,False,1,2000,600,test
280714539,2000,0->24,24,False,1,2000,600,train
280827197,2000,0->17,17,False,1,2000,600,train
282687992,2000,0->13,13,False,1,2000,600,train
283025081,2000,0->6,6,False,1,2000,600,test
284033164,2000,0->14,14,False,1,2000,600,train
286987215,2000,0->13,13,False,1,2000,600,train
287110286,2000,0->6,6,False,1,2000,600,test
288123579,2000,0->14,14,False,1,2000,600,train
289932926,2000,0->10,10,False,1,2000,600,train
292685414,2000,0->8,8,False,1,2000,600,train
293115979,2000,0->2,2,False,1,2000,600,test
293156636,2000,0->24,24,False,1,2000,600,train
293568266,2000,0->17,17,False,1,2000,600,train
294495896,2000,0->7,7,False,1,2000,600,train
299205203,2000,0->28,28,False,1,2000,600,train
307320381,2000,0->28,28,False,1,2000,600,train
311959776,2000,0->6,6,False,1,2000,600,test
312461217,2000,0->13,13,False,1,2000,600,train
313048789,2000,0->14,14,False,1,2000,600,train
315267590,2000,0->23,23,False,1,2000,600,train
315413008,2000,0->10,10,False,1,2000,600,train
318165512,2000,0->8,8,False,1,2000,600,train
318483300,2000,0->17,17,False,1,2000,600,train
318524453,2000,0->2,2,False,1,2000,600,train
319352881,2000,0->23,23,False,1,2000,600,train
319731751,2000,0->10,10,False,1,2000,600,train
322222143,2000,0->8,8,False,1,2000,600,train
322552147,2000,0->17,17,False,1,2000,600,train
322840082,2000,0->2,2,False,1,2000,600,test
324684503,2000,0->6,6,False,1,2000,600,test
324906390,2000,0->13,13,False,1,2000,600,train
325768418,2000,0->14,14,False,1,2000,600,train
328416266,2000,0->28,28,False,1,2000,600,train
333878565,2000,0->18,18,False,1,2000,600,test
336007419,2000,0->10,10,False,1,2000,600,train
338717071,2000,0->17,17,False,1,2000,600,train
339185358,2000,0->2,2,False,1,2000,600,test
339546339,2000,0->8,8,False,1,2000,600,train
341041675,2000,0->6,6,False,1,2000,600,test
341050698,2000,0->13,13,False,1,2000,600,train
342064190,2000,0->14,14,False,1,2000,600,train
342176808,2000,0->27,27,False,1,2000,600,train
345089452,2000,0->4,4,False,1,2000,600,train
345674966,2000,0->28,28,False,1,2000,600,train
357814171,2000,0->4,4,False,1,2000,600,train
358153953,2000,0->28,28,False,1,2000,600,train
361859132,2000,0->6,6,False,1,2000,600,train
362180477,2000,0->13,13,False,1,2000,600,train
362878473,2000,0->14,14,False,1,2000,600,train
363290143,2000,0->27,27,False,1,2000,600,train
365263564,2000,0->10,10,False,1,2000,600,train
368182200,2000,0->17,17,False,1,2000,600,train
368436473,2000,0->2,2,False,1,2000,600,test
369064660,2000,0->8,8,False,1,2000,600,train
370326291,2000,0->13,13,False,1,2000,600,train
370471685,2000,0->20,20,False,1,2000,600,train
370498642,2000,0->6,6,False,1,2000,600,test
371573351,2000,0->14,14,False,1,2000,600,train
373403298,2000,0->10,10,False,1,2000,600,train
376516759,2000,0->2,2,False,1,2000,600,test
376887254,2000,0->17,17,False,1,2000,600,train
377204410,2000,0->8,8,False,1,2000,600,train
378107688,2000,0->18,18,False,1,2000,600,train
383527567,2000,0->28,28,False,1,2000,600,train
383804033,2000,0->3,3,False,1,2000,600,train
387858616,2000,0->28,28,False,1,2000,600,train
388106422,2000,0->3,3,False,1,2000,600,train
390798623,2000,0->18,18,False,1,2000,600,train
394511509,2000,0->10,10,False,1,2000,600,train
397630112,2000,0->2,2,False,1,2000,600,test
397721057,2000,0->17,17,False,1,2000,600,train
398050445,2000,0->8,8,False,1,2000,600,train
399560996,2000,0->13,13,False,1,2000,600,train
399939890,2000,0->20,20,False,1,2000,600,train
399980133,2000,0->6,6,False,1,2000,600,test
401057872,2000,0->14,14,False,1,2000,600,train
403153597,2000,0->20,20,False,1,2000,600,train
405855177,2000,0->27,27,False,1,2000,600,train
408092442,2000,0->10,10,False,1,2000,600,train
408205068,2000,0->23,23,False,1,2000,600,train
409194104,2000,0->24,24,False,1,2000,600,train
412573692,2000,0->7,7,False,1,2000,600,train
412755600,2000,0->18,18,False,1,2000,600,train
415517261,2000,0->4,4,False,1,2000,600,train
416250679,2000,0->28,28,False,1,2000,600,train
418591545,2000,0->3,3,False,1,2000,600,train
419831930,2000,0->4,4,False,1,2000,600,train
420286720,2000,0->28,28,False,1,2000,600,train
422664462,2000,0->3,3,False,1,2000,600,train
425014731,2000,0->7,7,False,1,2000,600,train
425217191,2000,0->18,18,False,1,2000,600,train
428905773,2000,0->10,10,False,1,2000,600,train
429317435,2000,0->23,23,False,1,2000,600,train
430023759,2000,0->24,24,False,1,2000,600,train
432392330,2000,0->20,20,False,1,2000,600,train
435335678,2000,0->27,27,False,1,2000,600,train
437389653,2000,0->23,23,False,1,2000,600,train
438515767,2000,0->17,17,False,1,2000,600,train
438661153,2000,0->24,24,False,1,2000,600,train
440447923,2000,0->6,6,False,1,2000,600,test
440474852,2000,0->20,20,False,1,2000,600,train
441506062,2000,0->14,14,False,1,2000,600,test
443966864,2000,0->27,27,False,1,2000,600,train
444789780,2000,0->4,4,False,1,2000,600,train
448105824,2000,0->3,3,False,1,2000,600,train
449962405,2000,0->7,7,False,1,2000,600,train
450664649,2000,0->18,18,False,1,2000,600,train
454265746,2000,0->7,7,False,1,2000,600,train
455013118,2000,0->18,18,False,1,2000,600,train
457219619,2000,0->4,4,False,1,2000,600,train
460842839,2000,0->3,3,False,1,2000,600,train
461560196,2000,0->6,6,False,1,2000,600,test
461600467,2000,0->20,20,False,1,2000,600,train
464785319,2000,0->27,27,False,1,2000,600,train
466641762,2000,0->23,23,False,1,2000,600,train
467751424,2000,0->17,17,False,1,2000,600,train
468130326,2000,0->24,24,False,1,2000,600,train
471292450,2000,0->18,18,False,1,2000,600,train
471475022,2000,0->7,7,False,1,2000,600,train
474560255,2000,0->4,4,False,1,2000,600,train
478039947,2000,0->3,3,False,1,2000,600,train
478862863,2000,0->20,20,False,1,2000,600,train
478975513,2000,0->13,13,False,1,2000,600,train
482191227,2000,0->27,27,False,1,2000,600,train
484035518,2000,0->23,23,False,1,2000,600,train
484803504,2000,0->8,8,False,1,2000,600,train
485405386,2000,0->24,24,False,1,2000,600,train
485432733,2000,0->2,2,False,1,2000,600,test
488350089,2000,0->23,23,False,1,2000,600,train
489154951,2000,0->8,8,False,1,2000,600,train
489478397,2000,0->24,24,False,1,2000,600,train
489519018,2000,0->2,2,False,1,2000,600,test
490544407,2000,0->10,10,False,1,2000,600,test
491303992,2000,0->20,20,False,1,2000,600,train
491715630,2000,0->13,13,False,1,2000,600,train
494914892,2000,0->27,27,False,1,2000,600,train
495672520,2000,0->4,4,False,1,2000,600,train
498869692,2000,0->3,3,False,1,2000,600,train
500510741,2000,0->18,18,False,1,2000,600,train
500713849,2000,0->7,7,False,1,2000,600,train
504334502,2000,0->4,4,False,1,2000,600,train
507048402,2000,0->3,3,False,1,2000,600,train
508683387,2000,0->18,18,False,1,2000,600,train
509386007,2000,0->7,7,False,1,2000,600,train
513766887,2000,0->23,23,False,1,2000,600,train
514329747,2000,0->24,24,False,1,2000,600,train
516710486,2000,0->20,20,False,1,2000,600,train
519772450,2000,0->27,27,False,1,2000,600,train
519917876,2000,0->14,14,False,1,2000,600,train
521013857,2000,0->20,20,False,1,2000,600,train
523858709,2000,0->27,27,False,1,2000,600,train
524237571,2000,0->14,14,False,1,2000,600,train
526196688,2000,0->23,23,False,1,2000,600,train
527066788,2000,0->24,24,False,1,2000,600,train
529763916,2000,0->18,18,False,1,2000,600,train
530511648,2000,0->7,7,False,1,2000,600,train
533586577,2000,0->4,4,False,1,2000,600,train
536517605,2000,0->3,3,False,1,2000,600,train
537182011,2000,0->19,19,False,1,2000,600,test
537422080,2000,0->20,20,False,1,2000,600,train
537796886,2000,0->13,13,False,1,2000,600,train
540629090,2000,0->14,14,False,1,2000,600,train
543634623,2000,0->8,8,False,1,2000,600,train
543837651,2000,0->17,17,False,1,2000,600,train
546696493,2000,0->18,18,False,1,2000,600,train
548291170,2000,0->26,26,False,1,2000,600,test
549499018,2000,0->28,28,False,1,2000,600,train
550121127,2000,0->22,22,False,1,2000,600,train
553449604,2000,0->3,3,False,1,2000,600,train
553835197,2000,0->28,28,False,1,2000,600,train
554189968,2000,0->22,22,False,1,2000,600,test
557748915,2000,0->3,3,False,1,2000,600,train
559384346,2000,0->18,18,False,1,2000,600,train
560736341,2000,0->26,26,False,1,2000,600,test
564092560,2000,0->10,10,False,1,2000,600,train
564485768,2000,0->8,8,False,1,2000,600,train
564668388,2000,0->17,17,False,1,2000,600,train
566678796,2000,0->19,19,False,1,2000,600,test
566887223,2000,0->20,20,False,1,2000,600,train
567036705,2000,0->13,13,False,1,2000,600,train
570110549,2000,0->14,14,False,1,2000,600,train
572230398,2000,0->10,10,False,1,2000,600,train
572623590,2000,0->8,8,False,1,2000,600,train
573371274,2000,0->17,17,False,1,2000,600,train
574751074,2000,0->19,19,False,1,2000,600,test
575184719,2000,0->13,13,False,1,2000,600,train
578399789,2000,0->27,27,False,1,2000,600,train
578807355,2000,0->14,14,False,1,2000,600,train
579210963,2000,0->28,28,False,1,2000,600,train
579637502,2000,0->22,22,False,1,2000,600,test
579682217,2000,0->4,4,False,1,2000,600,train
585694267,2000,0->26,26,False,1,2000,600,test
586069037,2000,0->15,15,False,1,2000,600,test
589993484,2000,0->26,26,False,1,2000,600,test
590143002,2000,0->15,15,False,1,2000,600,test
591684836,2000,0->28,28,False,1,2000,600,train
592378569,2000,0->22,22,False,1,2000,600,test
592401822,2000,0->4,4,False,1,2000,600,train
595618645,2000,0->19,19,False,1,2000,600,test
596309368,2000,0->13,13,False,1,2000,600,train
599507994,2000,0->27,27,False,1,2000,600,train
599624716,2000,0->14,14,False,1,2000,600,train
601481417,2000,0->10,10,False,1,2000,600,train
602136785,2000,0->8,8,False,1,2000,600,train
602839485,2000,0->17,17,False,1,2000,600,train
606289616,2000,0->26,26,False,1,2000,600,test
608246275,2000,0->11,11,False,1,2000,600,test
608653845,2000,0->22,22,False,1,2000,600,test
609078328,2000,0->28,28,False,1,2000,600,train
612588964,2000,0->13,13,False,1,2000,600,train
613008265,2000,0->19,19,False,1,2000,600,test
615785680,2000,0->14,14,False,1,2000,600,train
617629717,2000,0->10,10,False,1,2000,600,train
618004483,2000,0->23,23,False,1,2000,600,train
619131233,2000,0->17,17,False,1,2000,600,train
619333645,2000,0->8,8,False,1,2000,600,train
621945378,2000,0->10,10,False,1,2000,600,train
622094900,2000,0->23,23,False,1,2000,600,train
623205206,2000,0->17,17,False,1,2000,600,train
623387194,2000,0->8,8,False,1,2000,600,train
625031059,2000,0->13,13,False,1,2000,600,train
625715646,2000,0->19,19,False,1,2000,600,test
628510439,2000,0->14,14,False,1,2000,600,train
629370932,2000,0->11,11,False,1,2000,600,test
629487650,2000,0->22,22,False,1,2000,600,test
630171151,2000,0->28,28,False,1,2000,600,train
635524327,2000,0->26,26,False,1,2000,600,test
637660236,2000,0->22,22,False,1,2000,600,test
638284385,2000,0->28,28,False,1,2000,600,train
642995882,2000,0->7,7,False,1,2000,600,train
644186249,2000,0->26,26,False,1,2000,600,test
647427660,2000,0->10,10,False,1,2000,600,train
648122168,2000,0->17,17,False,1,2000,600,train
648529710,2000,0->24,24,False,1,2000,600,train
648869460,2000,0->8,8,False,1,2000,600,train
650503165,2000,0->13,13,False,1,2000,600,train
651132368,2000,0->19,19,False,1,2000,600,test
653433481,2000,0->14,14,False,1,2000,600,train
654805450,2000,0->13,13,False,1,2000,600,train
655169511,2000,0->19,19,False,1,2000,600,test
659856507,2000,0->10,10,False,1,2000,600,train
660858127,2000,0->17,17,False,1,2000,600,train
660974873,2000,0->24,24,False,1,2000,600,train
661560419,2000,0->8,8,False,1,2000,600,train
663829661,2000,0->7,7,False,1,2000,600,train
665316030,2000,0->26,26,False,1,2000,600,train
667125371,2000,0->22,22,False,1,2000,600,test
667490390,2000,0->28,28,False,1,2000,600,train
672338595,2000,0->4,4,False,1,2000,600,train
672462306,2000,0->11,11,False,1,2000,600,test
673475543,2000,0->3,3,False,1,2000,600,train
675284754,2000,0->7,7,False,1,2000,600,train
676167294,2000,0->18,18,False,1,2000,600,train
678467879,2000,0->15,15,False,1,2000,600,test
678875441,2000,0->26,26,False,1,2000,600,test
679735266,2000,0->23,23,False,1,2000,600,train
682923670,2000,0->24,24,False,1,2000,600,train
684784211,2000,0->20,20,False,1,2000,600,train
685886257,2000,0->14,14,False,1,2000,600,train
686261031,2000,0->27,27,False,1,2000,600,train
689082468,2000,0->20,20,False,1,2000,600,train
690200838,2000,0->14,14,False,1,2000,600,train
690350352,2000,0->27,27,False,1,2000,600,train
692159957,2000,0->23,23,False,1,2000,600,train
695663777,2000,0->24,24,False,1,2000,600,train
696413477,2000,0->7,7,False,1,2000,600,train
697242697,2000,0->18,18,False,1,2000,600,train
699593488,2000,0->15,15,False,1,2000,600,test
699710214,2000,0->26,26,False,1,2000,600,test
701593748,2000,0->4,4,False,1,2000,600,train
701931477,2000,0->11,11,False,1,2000,600,test
702939616,2000,0->3,3,False,1,2000,600,train
705083723,2000,0->7,7,False,1,2000,600,train
705413159,2000,0->18,18,False,1,2000,600,train
708192126,2000,0->15,15,False,1,2000,600,test
710036411,2000,0->11,11,False,1,2000,600,test
710257914,2000,0->4,4,False,1,2000,600,train
711120270,2000,0->3,3,False,1,2000,600,train
714083356,2000,0->13,13,False,1,2000,600,train
714490890,2000,0->20,20,False,1,2000,600,train
714773041,2000,0->19,19,False,1,2000,600,test
715210110,2000,0->27,27,False,1,2000,600,train
717574587,2000,0->23,23,False,1,2000,600,train
720513231,2000,0->24,24,False,1,2000,600,train
720968117,2000,0->8,8,False,1,2000,600,train
721894284,2000,0->23,23,False,1,2000,600,train
724583160,2000,0->24,24,False,1,2000,600,train
725316482,2000,0->8,8,False,1,2000,600,train
726820395,2000,0->13,13,False,1,2000,600,train
726937149,2000,0->20,20,False,1,2000,600,train
727250950,2000,0->19,19,False,1,2000,600,test
727930697,2000,0->27,27,False,1,2000,600,train
730866060,2000,0->11,11,False,1,2000,600,test
731367117,2000,0->4,4,False,1,2000,600,train
731955129,2000,0->3,3,False,1,2000,600,train
734319484,2000,0->7,7,False,1,2000,600,train
734636560,2000,0->18,18,False,1,2000,600,train
737430857,2000,0->15,15,False,1,2000,600,test
739152720,2000,0->23,23,False,1,2000,600,train
741992996,2000,0->24,24,False,1,2000,600,train
742367794,2000,0->17,17,False,1,2000,600,train
744326881,2000,0->20,20,False,1,2000,600,train
745209749,2000,0->27,27,False,1,2000,600,train
748259664,2000,0->11,11,False,1,2000,600,test
748580369,2000,0->4,4,False,1,2000,600,train
749279077,2000,0->3,3,False,1,2000,600,train
750781132,2000,0->18,18,False,1,2000,600,train
751664032,2000,0->7,7,False,1,2000,600,train
754836885,2000,0->15,15,False,1,2000,600,test
755132667,2000,0->18,18,False,1,2000,600,train
755962263,2000,0->7,7,False,1,2000,600,train
759140258,2000,0->15,15,False,1,2000,600,test
760996711,2000,0->11,11,False,1,2000,600,test
761005094,2000,0->4,4,False,1,2000,600,train
762019154,2000,0->3,3,False,1,2000,600,train
765455574,2000,0->20,20,False,1,2000,600,train
766023074,2000,0->27,27,False,1,2000,600,train
768407911,2000,0->23,23,False,1,2000,600,train
771457043,2000,0->24,24,False,1,2000,600,train
771606533,2000,0->17,17,False,1,2000,600,train
773535928,2000,0->20,20,False,1,2000,600,train
774652364,2000,0->27,27,False,1,2000,600,train
776482057,2000,0->23,23,False,1,2000,600,train
776889631,2000,0->10,10,False,1,2000,600,train
780096637,2000,0->24,24,False,1,2000,600,train
780912121,2000,0->7,7,False,1,2000,600,train
784030668,2000,0->15,15,False,1,2000,600,test
785637682,2000,0->28,28,False,1,2000,600,train
785961032,2000,0->4,4,False,1,2000,600,train
786005791,2000,0->22,22,False,1,2000,600,test
786380553,2000,0->11,11,False,1,2000,600,test
787458364,2000,0->3,3,False,1,2000,600,train
789678853,2000,0->28,28,False,1,2000,600,train
790280831,2000,0->4,4,False,1,2000,600,train
790304040,2000,0->22,22,False,1,2000,600,test
790453566,2000,0->11,11,False,1,2000,600,test
791528203,2000,0->3,3,False,1,2000,600,train
793040546,2000,0->18,18,False,1,2000,600,train
793358286,2000,0->7,7,False,1,2000,600,train
796471803,2000,0->15,15,False,1,2000,600,test
797591358,2000,0->23,23,False,1,2000,600,train
797708072,2000,0->10,10,False,1,2000,600,train
800931402,2000,0->24,24,False,1,2000,600,train
802771599,2000,0->20,20,False,1,2000,600,train
804137979,2000,0->27,27,False,1,2000,600,train
808689981,2000,0->28,28,False,1,2000,600,train
809013319,2000,0->4,4,False,1,2000,600,train
815015176,2000,0->8,8,False,1,2000,600,train
815357028,2000,0->17,17,False,1,2000,600,train
816431697,2000,0->5,5,False,1,2000,600,test
816719120,2000,0->10,10,False,1,2000,600,train
818563541,2000,0->14,14,False,1,2000,600,train
818676163,2000,0->27,27,False,1,2000,600,train
818785940,2000,0->1,1,False,1,2000,600,test
821899425,2000,0->13,13,False,1,2000,600,train
822617058,2000,0->14,14,False,1,2000,600,train
823028724,2000,0->27,27,False,1,2000,600,train
823116963,2000,0->1,1,False,1,2000,600,test
826235542,2000,0->13,13,False,1,2000,600,train
827739967,2000,0->8,8,False,1,2000,600,train
828061267,2000,0->17,17,False,1,2000,600,train
829139046,2000,0->5,5,False,1,2000,600,test
829181735,2000,0->10,10,False,1,2000,600,train
830311117,2000,0->24,24,False,1,2000,600,test
837929738,2000,0->28,28,False,1,2000,600,train
838531696,2000,0->4,4,False,1,2000,600,train
840975043,2000,0->18,18,False,1,2000,600,train
843303239,2000,0->9,9,False,1,2000,600,test
843667306,2000,0->3,3,False,1,2000,600,train
846536548,2000,0->28,28,False,1,2000,600,train
847974605,2000,0->1,1,False,1,2000,600,test
848099212,2000,0->14,14,False,1,2000,600,train
851152632,2000,0->13,13,False,1,2000,600,train
851298030,2000,0->20,20,False,1,2000,600,train
852663121,2000,0->8,8,False,1,2000,600,train
853533245,2000,0->17,17,False,1,2000,600,train
854104905,2000,0->10,10,False,1,2000,600,train
854555656,2000,0->5,5,False,1,2000,600,test
856748390,2000,0->8,8,False,1,2000,600,train
857573386,2000,0->17,17,False,1,2000,600,train
858452350,2000,0->10,10,False,1,2000,600,train
858592831,2000,0->5,5,False,1,2000,600,test
860453626,2000,0->1,1,False,1,2000,600,test
860790203,2000,0->14,14,False,1,2000,600,train
863626447,2000,0->13,13,False,1,2000,600,train
864005337,2000,0->20,20,False,1,2000,600,train
864134000,2000,0->9,9,False,1,2000,600,test
864763229,2000,0->3,3,False,1,2000,600,train
867661139,2000,0->28,28,False,1,2000,600,train
870459636,2000,0->18,18,False,1,2000,600,train
873621696,2000,0->24,24,False,1,2000,600,train
873734358,2000,0->17,17,False,1,2000,600,train
874076602,2000,0->8,8,False,1,2000,600,train
874731938,2000,0->10,10,False,1,2000,600,train
874823395,2000,0->5,5,False,1,2000,600,test
876663334,2000,0->1,1,False,1,2000,600,test
877081959,2000,0->14,14,False,1,2000,600,train
879774739,2000,0->13,13,False,1,2000,600,train
884923791,2000,0->28,28,False,1,2000,600,train
887552324,2000,0->7,7,False,1,2000,600,train
891589491,2000,0->7,7,False,1,2000,600,train
897365944,2000,0->28,28,False,1,2000,600,train
897759249,2000,0->1,1,False,1,2000,600,test
897933136,2000,0->14,14,False,1,2000,600,train
900867620,2000,0->13,13,False,1,2000,600,train
902824695,2000,0->24,24,False,1,2000,600,train
903236321,2000,0->17,17,False,1,2000,600,train
903558029,2000,0->8,8,False,1,2000,600,train
903951253,2000,0->10,10,False,1,2000,600,train
904320212,2000,0->5,5,False,1,2000,600,test
906070846,2000,0->14,14,False,1,2000,600,train
906390655,2000,0->1,1,False,1,2000,600,test
907038420,2000,0->20,20,False,1,2000,600,test
909570634,2000,0->13,13,False,1,2000,600,train
911384207,2000,0->17,17,False,1,2000,600,train
912254947,2000,0->8,8,False,1,2000,600,train
912392378,2000,0->5,5,False,1,2000,600,test
912502765,2000,0->23,23,False,1,2000,600,train
912648187,2000,0->10,10,False,1,2000,600,train
922248150,2000,0->28,28,False,1,2000,600,train
926550497,2000,0->28,28,False,1,2000,600,train
932246712,2000,0->17,17,False,1,2000,600,train
933259917,2000,0->5,5,False,1,2000,600,test
933348826,2000,0->23,23,False,1,2000,600,train
933727692,2000,0->10,10,False,1,2000,600,train
935584009,2000,0->14,14,False,1,2000,600,train
935593544,2000,0->1,1,False,1,2000,600,test
938776701,2000,0->13,13,False,1,2000,600,train
940872336,2000,0->27,27,False,1,2000,600,train
941878244,2000,0->20,20,False,1,2000,600,train
941990898,2000,0->13,13,False,1,2000,600,train
944211745,2000,0->24,24,False,1,2000,600,train
944551515,2000,0->8,8,False,1,2000,600,train
946929237,2000,0->23,23,False,1,2000,600,train
951260837,2000,0->7,7,False,1,2000,600,train
952004553,2000,0->18,18,False,1,2000,600,train
952878822,2000,0->28,28,False,1,2000,600,test
953645664,2000,0->3,3,False,1,2000,600,train
954065997,2000,0->9,9,False,1,2000,600,test
954204948,2000,0->4,4,False,1,2000,600,train
957681751,2000,0->3,3,False,1,2000,600,train
958369402,2000,0->9,9,False,1,2000,600,test
958556451,2000,0->4,4,False,1,2000,600,train
963738770,2000,0->7,7,False,1,2000,600,train
964429310,2000,0->18,18,False,1,2000,600,train
965078294,2000,0->24,24,False,1,2000,600,train
965663852,2000,0->8,8,False,1,2000,600,train
968004706,2000,0->23,23,False,1,2000,600,train
970389671,2000,0->27,27,False,1,2000,600,train
971080147,2000,0->20,20,False,1,2000,600,train
971491781,2000,0->13,13,False,1,2000,600,train
973158776,2000,0->24,24,False,1,2000,600,train
976633868,2000,0->23,23,False,1,2000,600,train
976744283,2000,0->5,5,False,1,2000,600,test
978463945,2000,0->27,27,False,1,2000,600,train
978609375,2000,0->14,14,False,1,2000,600,train
979719613,2000,0->20,20,False,1,2000,600,train
982631481,2000,0->3,3,False,1,2000,600,train
983259668,2000,0->9,9,False,1,2000,600,test
984005965,2000,0->4,4,False,1,2000,600,train
989178108,2000,0->7,7,False,1,2000,600,train
989385104,2000,0->18,18,False,1,2000,600,train
993510091,2000,0->7,7,False,1,2000,600,train
993704871,2000,0->18,18,False,1,2000,600,train
995339790,2000,0->3,3,False,1,2000,600,train
995700771,2000,0->9,9,False,1,2000,600,test
996464506,2000,0->4,4,False,1,2000,600,train
999311102,2000,0->27,27,False,1,2000,600,train
999689960,2000,0->14,14,False,1,2000,600,train
1000816522,2000,0->20,20,False,1,2000,600,train
1002656591,2000,0->24,24,False,1,2000,600,train
1005857339,2000,0->23,23,False,1,2000,600,train
1005946220,2000,0->5,5,False,1,2000,600,test
1009980283,2000,0->18,18,False,1,2000,600,train
1010723351,2000,0->7,7,False,1,2000,600,train
1011915007,2000,0->9,9,False,1,2000,600,test
1012532946,2000,0->3,3,False,1,2000,600,train
1013337820,2000,0->28,28,False,1,2000,600,train
1013809062,2000,0->4,4,False,1,2000,600,train
1016611189,2000,0->1,1,False,1,2000,600,test
1016720930,2000,0->27,27,False,1,2000,600,train
1018074966,2000,0->20,20,False,1,2000,600,train
1019935635,2000,0->24,24,False,1,2000,600,train
1023134449,2000,0->10,10,False,1,2000,600,train
1023247079,2000,0->23,23,False,1,2000,600,train
1023971748,2000,0->24,24,False,1,2000,600,train
1027186886,2000,0->10,10,False,1,2000,600,train
1027598544,2000,0->23,23,False,1,2000,600,train
1029319490,2000,0->1,1,False,1,2000,600,test
1029407765,2000,0->27,27,False,1,2000,600,train
1030552929,2000,0->20,20,False,1,2000,600,train
1033040584,2000,0->9,9,False,1,2000,600,test
1033399525,2000,0->3,3,False,1,2000,600,train
1034167531,2000,0->28,28,False,1,2000,600,train
1034884497,2000,0->4,4,False,1,2000,600,train
1039235404,2000,0->18,18,False,1,2000,600,train
1039925280,2000,0->7,7,False,1,2000,600,train
1041639078,2000,0->9,9,False,1,2000,600,test
1042069643,2000,0->3,3,False,1,2000,600,train
1047899426,2000,0->18,18,False,1,2000,600,train
1048106062,2000,0->7,7,False,1,2000,600,train
1049234908,2000,0->17,17,False,1,2000,600,train
1049380298,2000,0->24,24,False,1,2000,600,train
1052458174,2000,0->23,23,False,1,2000,600,train
1054822523,2000,0->27,27,False,1,2000,600,train
1055402255,2000,0->20,20,False,1,2000,600,train
1058880076,2000,0->27,27,False,1,2000,600,train
1059734328,2000,0->20,20,False,1,2000,600,train
1061709803,2000,0->17,17,False,1,2000,600,train
1062088701,2000,0->24,24,False,1,2000,600,train
1064916617,2000,0->23,23,False,1,2000,600,train
1069008661,2000,0->18,18,False,1,2000,600,train
1069203065,2000,0->7,7,False,1,2000,600,train
1070877841,2000,0->9,9,False,1,2000,600,test
1071567548,2000,0->3,3,False,1,2000,600,train
1072278472,2000,0->4,4,False,1,2000,600,train
1079141576,2000,0->1,1,False,1,2000,600,train
1083687982,2000,0->16,16,False,1,2000,600,train
1084276058,2000,0->11,11,False,1,2000,600,train
1084683596,2000,0->22,22,False,1,2000,600,train
1084709403,2000,0->4,4,False,1,2000,600,test
1086640543,2000,0->15,15,False,1,2000,600,train
1089710315,2000,0->12,12,False,1,2000,600,train
1090960296,2000,0->15,15,False,1,2000,600,train
1092058690,2000,0->21,21,False,1,2000,600,test
1093780188,2000,0->12,12,False,1,2000,600,train
1096134169,2000,0->16,16,False,1,2000,600,train
1096341365,2000,0->9,9,False,1,2000,600,train
1096996717,2000,0->11,11,False,1,2000,600,train
1097113467,2000,0->22,22,False,1,2000,600,train
1097150508,2000,0->4,4,False,1,2000,600,test
1099960063,2000,0->1,1,False,1,2000,600,train
1109631973,2000,0->6,6,False,1,2000,600,train
1115844550,2000,0->15,15,False,1,2000,600,train
1119164082,2000,0->12,12,False,1,2000,600,train
1121024631,2000,0->16,16,False,1,2000,600,train
1121399393,2000,0->25,25,False,1,2000,600,train
1121714971,2000,0->9,9,False,1,2000,600,train
1122100290,2000,0->4,4,False,1,2000,600,test
1122370307,2000,0->11,11,False,1,2000,600,train
1125322816,2000,0->16,16,False,1,2000,600,train
1125472342,2000,0->25,25,False,1,2000,600,train
1126066476,2000,0->9,9,False,1,2000,600,train
1126403701,2000,0->4,4,False,1,2000,600,test
1126459700,2000,0->11,11,False,1,2000,600,train
1128269297,2000,0->15,15,False,1,2000,600,train
1131904133,2000,0->12,12,False,1,2000,600,train
1138870738,2000,0->6,6,False,1,2000,600,train
1142407664,2000,0->9,9,False,1,2000,600,train
1142601884,2000,0->16,16,False,1,2000,600,train
1143613097,2000,0->4,4,False,1,2000,600,test
1143849448,2000,0->11,11,False,1,2000,600,train
1145679149,2000,0->15,15,False,1,2000,600,train
1148755023,2000,0->21,21,False,1,2000,600,train
1149162585,2000,0->12,12,False,1,2000,600,train
1149670374,2000,0->8,8,False,1,2000,600,test
1150029259,2000,0->2,2,False,1,2000,600,train
1155864674,2000,0->19,19,False,1,2000,600,train
1160213077,2000,0->19,19,False,1,2000,600,train
1162148305,2000,0->8,8,False,1,2000,600,test
1162766332,2000,0->2,2,False,1,2000,600,train
1166788378,2000,0->15,15,False,1,2000,600,train
1169880696,2000,0->21,21,False,1,2000,600,train
1169997422,2000,0->12,12,False,1,2000,600,train
1171631047,2000,0->9,9,False,1,2000,600,train
1171837611,2000,0->16,16,False,1,2000,600,train
1172851870,2000,0->4,4,False,1,2000,600,test
1173335007,2000,0->11,11,False,1,2000,600,train
1175018338,2000,0->26,26,False,1,2000,600,train
1175393140,2000,0->15,15,False,1,2000,600,train
1178102272,2000,0->12,12,False,1,2000,600,train
1179746217,2000,0->9,9,False,1,2000,600,train
1180436165,2000,0->16,16,False,1,2000,600,train
1181450161,2000,0->11,11,False,1,2000,600,train
1181522160,2000,0->4,4,False,1,2000,600,test
1182448219,2000,0->25,25,False,1,2000,600,test
1191037670,2000,0->5,5,False,1,2000,600,train
1195352273,2000,0->5,5,False,1,2000,600,train
1200821662,2000,0->9,9,False,1,2000,600,train
1201564914,2000,0->16,16,False,1,2000,600,train
1202263430,2000,0->11,11,False,1,2000,600,train
1202647751,2000,0->4,4,False,1,2000,600,test
1204498773,2000,0->26,26,False,1,2000,600,train
1204648259,2000,0->15,15,False,1,2000,600,train
1207566391,2000,0->12,12,False,1,2000,600,train
1209666266,2000,0->26,26,False,1,2000,600,train
1210938286,2000,0->21,21,False,1,2000,600,train
1212751723,2000,0->25,25,False,1,2000,600,train
1213159293,2000,0->16,16,False,1,2000,600,train
1216243231,2000,0->22,22,False,1,2000,600,train
1217066907,2000,0->1,1,False,1,2000,600,train
1219557251,2000,0->19,19,False,1,2000,600,train
1220382447,2000,0->6,6,False,1,2000,600,train
1221819399,2000,0->8,8,False,1,2000,600,test
1222238762,2000,0->2,2,False,1,2000,600,train
1223596894,2000,0->5,5,False,1,2000,600,train
1225856560,2000,0->8,8,False,1,2000,600,test
1226541085,2000,0->2,2,False,1,2000,600,train
1229495724,2000,0->1,1,False,1,2000,600,train
1232248244,2000,0->19,19,False,1,2000,600,train
1233118424,2000,0->6,6,False,1,2000,600,train
1233876316,2000,0->25,25,False,1,2000,600,train
1233993034,2000,0->16,16,False,1,2000,600,train
1237060648,2000,0->22,22,False,1,2000,600,train
1238917357,2000,0->26,26,False,1,2000,600,train
1240406425,2000,0->21,21,False,1,2000,600,train
1242538290,2000,0->25,25,False,1,2000,600,train
1245239366,2000,0->22,22,False,1,2000,600,train
1245614160,2000,0->11,11,False,1,2000,600,train
1247589507,2000,0->26,26,False,1,2000,600,train
1248579063,2000,0->21,21,False,1,2000,600,train
1251328606,2000,0->8,8,False,1,2000,600,test
1251957875,2000,0->2,2,False,1,2000,600,train
1252533511,2000,0->5,5,False,1,2000,600,train
1254902210,2000,0->1,1,False,1,2000,600,train
1257654746,2000,0->19,19,False,1,2000,600,train
1257975990,2000,0->6,6,False,1,2000,600,train
1259217909,2000,0->1,1,False,1,2000,600,train
1261708269,2000,0->19,19,False,1,2000,600,train
1262049921,2000,0->6,6,False,1,2000,600,train
1264035945,2000,0->8,8,False,1,2000,600,test
1264399940,2000,0->2,2,False,1,2000,600,train
1265258288,2000,0->5,5,False,1,2000,600,train
1268702900,2000,0->26,26,False,1,2000,600,train
1269409728,2000,0->21,21,False,1,2000,600,train
1271778053,2000,0->25,25,False,1,2000,600,train
1274720881,2000,0->22,22,False,1,2000,600,train
1274870375,2000,0->11,11,False,1,2000,600,train
1275562793,2000,0->1,1,False,1,2000,600,train
1278276189,2000,0->6,6,False,1,2000,600,train
1279101745,2000,0->19,19,False,1,2000,600,train
1280614040,2000,0->2,2,False,1,2000,600,train
1281228981,2000,0->8,8,False,1,2000,600,test
1281615852,2000,0->5,5,False,1,2000,600,train
1284587134,2000,0->15,15,False,1,2000,600,train
1284994664,2000,0->26,26,False,1,2000,600,train
1285558044,2000,0->21,21,False,1,2000,600,train
1287939033,2000,0->25,25,False,1,2000,600,train
1290974714,2000,0->4,4,False,1,2000,600,test
1291000493,2000,0->22,22,False,1,2000,600,train
1292241390,2000,0->25,25,False,1,2000,600,train
1295048653,2000,0->4,4,False,1,2000,600,test
1295085722,2000,0->22,22,False,1,2000,600,train
1297306697,2000,0->15,15,False,1,2000,600,train
1297423455,2000,0->26,26,False,1,2000,600,train
1298294059,2000,0->21,21,False,1,2000,600,train
1301738671,2000,0->2,2,False,1,2000,600,train
1302096514,2000,0->8,8,False,1,2000,600,test
1302433243,2000,0->5,5,False,1,2000,600,train
1304813854,2000,0->1,1,False,1,2000,600,train
1307744362,2000,0->6,6,False,1,2000,600,train
1308614918,2000,0->19,19,False,1,2000,600,train
1309810881,2000,0->2,2,False,1,2000,600,train
1310244588,2000,0->8,8,False,1,2000,600,test
1311070645,2000,0->5,5,False,1,2000,600,train
1316375556,2000,0->6,6,False,1,2000,600,train
1316697448,2000,0->19,19,False,1,2000,600,train
1317199232,2000,0->25,25,False,1,2000,600,train
1317661946,2000,0->9,9,False,1,2000,600,train
1320527092,2000,0->22,22,False,1,2000,600,train
1322371121,2000,0->26,26,False,1,2000,600,train
1323366739,2000,0->12,12,False,1,2000,600,train
1323741509,2000,0->21,21,False,1,2000,600,train
1326686726,2000,0->26,26,False,1,2000,600,train
1327666020,2000,0->12,12,False,1,2000,600,train
1327815538,2000,0->21,21,False,1,2000,600,train
1329641399,2000,0->25,25,False,1,2000,600,train
1330349773,2000,0->9,9,False,1,2000,600,train
1333251779,2000,0->22,22,False,1,2000,600,train
1334009671,2000,0->1,1,False,1,2000,600,train
1337206323,2000,0->6,6,False,1,2000,600,train
1337548639,2000,0->19,19,False,1,2000,600,train
1339050742,2000,0->2,2,False,1,2000,600,train
1339741403,2000,0->8,8,False,1,2000,600,test
1340552066,2000,0->5,5,False,1,2000,600,train
1342224732,2000,0->12,12,False,1,2000,600,train
1342842737,2000,0->18,18,False,1,2000,600,test
1347661037,2000,0->11,11,False,1,2000,600,train
1348640143,2000,0->25,25,False,1,2000,600,train
1348785561,2000,0->16,16,False,1,2000,600,train
1349102837,2000,0->9,9,False,1,2000,600,train
1352010763,2000,0->6,6,False,1,2000,600,train
1352718888,2000,0->27,27,False,1,2000,600,train
1355069165,2000,0->23,23,False,1,2000,600,test
1359404250,2000,0->23,23,False,1,2000,600,test
1364485692,2000,0->6,6,False,1,2000,600,train
1365422111,2000,0->27,27,False,1,2000,600,test
1368508122,2000,0->11,11,False,1,2000,600,train
1369503672,2000,0->25,25,False,1,2000,600,train
1369882542,2000,0->16,16,False,1,2000,600,train
1370212034,2000,0->9,9,False,1,2000,600,train
1371722603,2000,0->12,12,False,1,2000,600,train
1372081478,2000,0->18,18,False,1,2000,600,test
1375054367,2000,0->15,15,False,1,2000,600,train
1377000098,2000,0->22,22,False,1,2000,600,train
1377112756,2000,0->11,11,False,1,2000,600,train
1377987520,2000,0->16,16,False,1,2000,600,train
1378816684,2000,0->9,9,False,1,2000,600,train
1380321029,2000,0->12,12,False,1,2000,600,train
1380751656,2000,0->18,18,False,1,2000,600,test
1383169649,2000,0->15,15,False,1,2000,600,train
1384253620,2000,0->23,23,False,1,2000,600,test
1384399010,2000,0->10,10,False,1,2000,600,test
1390830705,2000,0->27,27,False,1,2000,600,test
1390922534,2000,0->1,1,False,1,2000,600,train
1394871878,2000,0->27,27,False,1,2000,600,test
1394974993,2000,0->1,1,False,1,2000,600,train
1396728451,2000,0->23,23,False,1,2000,600,test
1397107349,2000,0->10,10,False,1,2000,600,test
1401187634,2000,0->12,12,False,1,2000,600,train
1401877279,2000,0->18,18,False,1,2000,600,test
1404245062,2000,0->15,15,False,1,2000,600,train
1406218389,2000,0->22,22,False,1,2000,600,train
1406630019,2000,0->11,11,False,1,2000,600,train
1407189495,2000,0->16,16,False,1,2000,600,train
1408071835,2000,0->9,9,False,1,2000,600,train
1412165260,2000,0->14,14,False,1,2000,600,test
1412277914,2000,0->27,27,False,1,2000,600,test
1414030600,2000,0->5,5,False,1,2000,600,train
1414122079,2000,0->23,23,False,1,2000,600,test
1418156995,2000,0->18,18,False,1,2000,600,test
1418577390,2000,0->12,12,False,1,2000,600,train
1421524122,2000,0->15,15,False,1,2000,600,train
1421669516,2000,0->26,26,False,1,2000,600,train
1423888479,2000,0->11,11,False,1,2000,600,train
1424281671,2000,0->9,9,False,1,2000,600,train
1424599339,2000,0->16,16,False,1,2000,600,train
1427946088,2000,0->11,11,False,1,2000,600,train
1428601456,2000,0->9,9,False,1,2000,600,train
1428931356,2000,0->16,16,False,1,2000,600,train
1430598132,2000,0->18,18,False,1,2000,600,test
1431285721,2000,0->12,12,False,1,2000,600,train
1433982637,2000,0->15,15,False,1,2000,600,train
1434361531,2000,0->26,26,False,1,2000,600,train
1435111231,2000,0->5,5,False,1,2000,600,train
1435213928,2000,0->23,23,False,1,2000,600,test
1441367227,2000,0->14,14,False,1,2000,600,test
1441778861,2000,0->27,27,False,1,2000,600,test
1443853318,2000,0->23,23,False,1,2000,600,test
1446617637,2000,0->2,2,False,1,2000,600,train
1448130444,2000,0->19,19,False,1,2000,600,train
1449859267,2000,0->27,27,False,1,2000,600,test
1452830214,2000,0->11,11,False,1,2000,600,train
1453485598,2000,0->9,9,False,1,2000,600,train
1454315378,2000,0->16,16,False,1,2000,600,train
1455547802,2000,0->18,18,False,1,2000,600,test
1456176055,2000,0->12,12,False,1,2000,600,train
1456288673,2000,0->21,21,False,1,2000,600,train
1459356355,2000,0->15,15,False,1,2000,600,train
1459851181,2000,0->18,18,False,1,2000,600,test
1460212096,2000,0->12,12,False,1,2000,600,train
1460623766,2000,0->21,21,False,1,2000,600,train
1463707892,2000,0->15,15,False,1,2000,600,train
1465910313,2000,0->9,9,False,1,2000,600,train
1466793285,2000,0->16,16,False,1,2000,600,train
1469242811,2000,0->19,19,False,1,2000,600,train
1470722804,2000,0->27,27,False,1,2000,600,test
1473060401,2000,0->23,23,False,1,2000,600,train
1476118546,2000,0->2,2,False,1,2000,600,train
1478127016,2000,0->10,10,False,1,2000,600,test
1478239678,2000,0->23,23,False,1,2000,600,test
1478331113,2000,0->5,5,False,1,2000,600,train
1479209885,2000,0->2,2,False,1,2000,600,train
1480844852,2000,0->19,19,False,1,2000,600,train
1481547608,2000,0->6,6,False,1,2000,600,train
1484383788,2000,0->1,1,False,1,2000,600,train
1484652909,2000,0->14,14,False,1,2000,600,test
1485520830,2000,0->11,11,False,1,2000,600,train
1485666216,2000,0->22,22,False,1,2000,600,train
1488588508,2000,0->25,25,False,1,2000,600,train
1490969113,2000,0->21,21,False,1,2000,600,train
1491671917,2000,0->26,26,False,1,2000,600,train
1495009326,2000,0->21,21,False,1,2000,600,train
1496019290,2000,0->26,26,False,1,2000,600,train
1497978249,2000,0->11,11,False,1,2000,600,train
1498357151,2000,0->22,22,False,1,2000,600,train
1501062379,2000,0->25,25,False,1,2000,600,train
1502410095,2000,0->6,6,False,1,2000,600,train
1505463323,2000,0->1,1,False,1,2000,600,train
1505520474,2000,0->14,14,False,1,2000,600,test
1507329951,2000,0->10,10,False,1,2000,600,test
1507741577,2000,0->23,23,False,1,2000,600,test
1507844318,2000,0->5,5,False,1,2000,600,train
1508415914,2000,0->2,2,False,1,2000,600,train
1510299757,2000,0->19,19,False,1,2000,600,train
1510482177,2000,0->6,6,False,1,2000,600,train
1513668404,2000,0->14,14,False,1,2000,600,test
1514100853,2000,0->1,1,False,1,2000,600,train
1515926704,2000,0->5,5,False,1,2000,600,train
1516033009,2000,0->10,10,False,1,2000,600,test
1517047236,2000,0->2,2,False,1,2000,600,train
1519967296,2000,0->21,21,False,1,2000,600,train
1521460532,2000,0->26,26,False,1,2000,600,train
1523304945,2000,0->22,22,False,1,2000,600,train
1526397075,2000,0->16,16,False,1,2000,600,train
1526509701,2000,0->25,25,False,1,2000,600,train
1527358406,2000,0->22,22,False,1,2000,600,train
1530434212,2000,0->16,16,False,1,2000,600,train
1530845874,2000,0->25,25,False,1,2000,600,train
1532671607,2000,0->21,21,False,1,2000,600,train
1533923075,2000,0->26,26,False,1,2000,600,train
1536777863,2000,0->5,5,False,1,2000,600,train
1537128902,2000,0->10,10,False,1,2000,600,test
1538140147,2000,0->2,2,False,1,2000,600,train
1539781210,2000,0->19,19,False,1,2000,600,train
1539984182,2000,0->6,6,False,1,2000,600,train
1543165187,2000,0->14,14,False,1,2000,600,test
1543320130,2000,0->1,1,False,1,2000,600,train
1543506714,2000,0->22,22,False,1,2000,600,train
1547137646,2000,0->25,25,False,1,2000,600,train
1547453204,2000,0->9,9,False,1,2000,600,train
1548951211,2000,0->21,21,False,1,2000,600,train
1549096637,2000,0->12,12,False,1,2000,600,train
1549781136,2000,0->18,18,False,1,2000,600,test
1550084063,2000,0->26,26,False,1,2000,600,train
1553004123,2000,0->5,5,False,1,2000,600,train
1553404186,2000,0->10,10,False,1,2000,600,test
1554485039,2000,0->2,2,False,1,2000,600,train
1556341738,2000,0->6,6,False,1,2000,600,train
1557043846,2000,0->19,19,False,1,2000,600,train
1559461343,2000,0->14,14,False,1,2000,600,test
1559534238,2000,0->1,1,False,1,2000,600,train
1560381917,2000,0->6,6,False,1,2000,600,train
1561129137,2000,0->19,19,False,1,2000,600,train
1563498472,2000,0->14,14,False,1,2000,600,test
1563881641,2000,0->1,1,False,1,2000,600,train
1565695084,2000,0->5,5,False,1,2000,600,train
1565883181,2000,0->10,10,False,1,2000,600,test
1566958872,2000,0->2,2,False,1,2000,600,train
1569813660,2000,0->21,21,False,1,2000,600,train
1570192522,2000,0->12,12,False,1,2000,600,train
1570611879,2000,0->18,18,False,1,2000,600,test
1571163624,2000,0->26,26,False,1,2000,600,train
1573019949,2000,0->22,22,False,1,2000,600,train
1576343641,2000,0->25,25,False,1,2000,600,train
1576937763,2000,0->9,9,False,1,2000,600,train
1578475762,2000,0->21,21,False,1,2000,600,train
1579342214,2000,0->26,26,False,1,2000,600,train
1579454864,2000,0->15,15,False,1,2000,600,train
1581692227,2000,0->22,22,False,1,2000,600,train
1584516151,2000,0->25,25,False,1,2000,600,train
1585798579,2000,0->6,6,False,1,2000,600,train
1585980639,2000,0->19,19,False,1,2000,600,train
1588733127,2000,0->1,1,False,1,2000,600,train
1588824976,2000,0->27,27,False,1,2000,600,test
1588970374,2000,0->14,14,False,1,2000,600,test
1590800195,2000,0->10,10,False,1,2000,600,test
1591101442,2000,0->5,5,False,1,2000,600,train
1591816566,2000,0->2,2,False,1,2000,600,train
1595131252,2000,0->10,10,False,1,2000,600,test
1595154997,2000,0->5,5,False,1,2000,600,train
1596152641,2000,0->2,2,False,1,2000,600,train
1598502788,2000,0->6,6,False,1,2000,600,train
1598705384,2000,0->19,19,False,1,2000,600,train
1601195760,2000,0->1,1,False,1,2000,600,train
1601298855,2000,0->27,27,False,1,2000,600,test
1601677745,2000,0->14,14,False,1,2000,600,test
1602543476,2000,0->22,22,False,1,2000,600,train
1605608960,2000,0->25,25,False,1,2000,600,train
1607977669,2000,0->21,21,False,1,2000,600,train
1608561585,2000,0->26,26,False,1,2000,600,train
1608973223,2000,0->15,15,False,1,2000,600,train
1613051936,2000,0->2,2,False,1,2000,600,train
1615605129,2000,0->19,19,False,1,2000,600,train
1619325955,2000,0->11,11,False,1,2000,600,train
1622379895,2000,0->16,16,False,1,2000,600,train
1622436406,2000,0->3,3,False,1,2000,600,test
1623127067,2000,0->9,9,False,1,2000,600,train
1624246003,2000,0->7,7,False,1,2000,600,test
1624353188,2000,0->21,21,False,1,2000,600,train
1624760754,2000,0->12,12,False,1,2000,600,train
1625331910,2000,0->15,15,False,1,2000,600,train
1628597444,2000,0->7,7,False,1,2000,600,test
1628685203,2000,0->21,21,False,1,2000,600,train
1628801925,2000,0->12,12,False,1,2000,600,train
1629680369,2000,0->15,15,False,1,2000,600,train
1632017972,2000,0->11,11,False,1,2000,600,train
1634854720,2000,0->16,16,False,1,2000,600,train
1635123201,2000,0->3,3,False,1,2000,600,test
1635556908,2000,0->9,9,False,1,2000,600,train
1636714430,2000,0->19,19,False,1,2000,600,train
1642549783,2000,0->2,2,False,1,2000,600,train
1649737485,2000,0->5,5,False,1,2000,600,train
1653694443,2000,0->12,12,False,1,2000,600,train
1654044842,2000,0->7,7,False,1,2000,600,train
1654681225,2000,0->26,26,False,1,2000,600,train
1655056031,2000,0->15,15,False,1,2000,600,train
1656900186,2000,0->11,11,False,1,2000,600,train
1660081263,2000,0->3,3,False,1,2000,600,test
1660236590,2000,0->16,16,False,1,2000,600,train
1660439106,2000,0->9,9,False,1,2000,600,train
1660952685,2000,0->11,11,False,1,2000,600,train
1664138840,2000,0->3,3,False,1,2000,600,test
1664571673,2000,0->16,16,False,1,2000,600,train
1664753781,2000,0->9,9,False,1,2000,600,train
1666397660,2000,0->12,12,False,1,2000,600,train
1666503325,2000,0->7,7,False,1,2000,600,test
1667368126,2000,0->26,26,False,1,2000,600,train
1667517608,2000,0->15,15,False,1,2000,600,train
1670812986,2000,0->5,5,False,1,2000,600,train
1678346417,2000,0->11,11,False,1,2000,600,train
1678753959,2000,0->22,22,False,1,2000,600,train
1681098921,2000,0->9,9,False,1,2000,600,train
1681462916,2000,0->3,3,False,1,2000,600,test
1681846725,2000,0->16,16,False,1,2000,600,train
1683660032,2000,0->12,12,False,1,2000,600,train
1683847745,2000,0->7,7,False,1,2000,600,test
1684923508,2000,0->15,15,False,1,2000,600,train
1692509619,2000,0->19,19,False,1,2000,600,test
1694191907,2000,0->1,1,False,1,2000,600,train
1698249492,2000,0->1,1,False,1,2000,600,train
1704523575,2000,0->12,12,False,1,2000,600,train
1704923254,2000,0->7,7,False,1,2000,600,test
1706004035,2000,0->15,15,False,1,2000,600,train
1707860614,2000,0->11,11,False,1,2000,600,train
1707977360,2000,0->22,22,False,1,2000,600,train
1710351006,2000,0->9,9,False,1,2000,600,train
1710980275,2000,0->3,3,False,1,2000,600,train
1711053810,2000,0->16,16,False,1,2000,600,train
1713095704,2000,0->7,7,False,1,2000,600,test
1713120089,2000,0->12,12,False,1,2000,600,train
1714117165,2000,0->15,15,False,1,2000,600,train
1716467432,2000,0->11,11,False,1,2000,600,train
1718957808,2000,0->9,9,False,1,2000,600,train
1719160732,2000,0->16,16,False,1,2000,600,train
1719535498,2000,0->25,25,False,1,2000,600,train
1719642333,2000,0->3,3,False,1,2000,600,test
1720358414,2000,0->6,6,False,1,2000,600,train
1732836409,2000,0->6,6,False,1,2000,600,train
1737317599,2000,0->11,11,False,1,2000,600,train
1740070087,2000,0->9,9,False,1,2000,600,train
1740252587,2000,0->16,16,False,1,2000,600,train
1740402109,2000,0->25,25,False,1,2000,600,train
1740489450,2000,0->3,3,False,1,2000,600,test
1742319151,2000,0->7,7,False,1,2000,600,test
1742621038,2000,0->12,12,False,1,2000,600,train
1743335450,2000,0->15,15,False,1,2000,600,train
1745435383,2000,0->21,21,False,1,2000,600,train
1748503445,2000,0->15,15,False,1,2000,600,train
1748910979,2000,0->26,26,False,1,2000,600,train
1750740806,2000,0->22,22,False,1,2000,600,train
1751995954,2000,0->25,25,False,1,2000,600,train
1754578650,2000,0->19,19,False,1,2000,600,train
1754908598,2000,0->6,6,False,1,2000,600,train
1756282562,2000,0->1,1,False,1,2000,600,train
1758122503,2000,0->5,5,False,1,2000,600,train
1761454963,2000,0->2,2,False,1,2000,600,train
1762179120,2000,0->5,5,False,1,2000,600,train
1765785924,2000,0->2,2,False,1,2000,600,train
1767298285,2000,0->19,19,False,1,2000,600,train
1767615873,2000,0->6,6,False,1,2000,600,train
1768740085,2000,0->1,1,False,1,2000,600,train
1771586929,2000,0->22,22,False,1,2000,600,train
1773091845,2000,0->25,25,False,1,2000,600,train
1774932160,2000,0->21,21,False,1,2000,600,train
1778016674,2000,0->15,15,False,1,2000,600,train
1778133428,2000,0->26,26,False,1,2000,600,train
1780257055,2000,0->22,22,False,1,2000,600,train
1780537617,2000,0->9,9,False,1,2000,600,train
1781155644,2000,0->3,3,False,1,2000,600,test
1781262443,2000,0->25,25,False,1,2000,600,train
1782197633,2000,0->11,11,False,1,2000,600,test
1783221432,2000,0->12,12,False,1,2000,600,train
1783596206,2000,0->21,21,False,1,2000,600,train
1786314202,2000,0->26,26,False,1,2000,600,train
1787587678,2000,0->5,5,False,1,2000,600,train
1790645546,2000,0->2,2,False,1,2000,600,train
1792147587,2000,0->19,19,False,1,2000,600,train
1793030639,2000,0->6,6,False,1,2000,600,train
1793589403,2000,0->1,1,False,1,2000,600,train
1796238004,2000,0->19,19,False,1,2000,600,train
1797067736,2000,0->6,6,False,1,2000,600,train
1797941932,2000,0->1,1,False,1,2000,600,train
1800275561,2000,0->5,5,False,1,2000,600,train
1803124509,2000,0->2,2,False,1,2000,600,train
1804314255,2000,0->12,12,False,1,2000,600,train
1804463769,2000,0->21,21,False,1,2000,600,train
1807390701,2000,0->26,26,False,1,2000,600,train
1809775400,2000,0->22,22,False,1,2000,600,train
1810019110,2000,0->9,9,False,1,2000,600,train
1810377995,2000,0->3,3,False,1,2000,600,test
1810465372,2000,0->25,25,False,1,2000,600,train
1813297924,2000,0->6,6,False,1,2000,600,train
1813627496,2000,0->19,19,False,1,2000,600,train
1814282864,2000,0->1,1,False,1,2000,600,train
1816637109,2000,0->5,5,False,1,2000,600,train
1819334593,2000,0->2,2,False,1,2000,600,train
1820608069,2000,0->21,21,False,1,2000,600,train
1820715282,2000,0->7,7,False,1,2000,600,test
1823686449,2000,0->26,26,False,1,2000,600,train
1826051060,2000,0->22,22,False,1,2000,600,train
1826630272,2000,0->25,25,False,1,2000,600,train
1827037846,2000,0->16,16,False,1,2000,600,train
1830107587,2000,0->22,22,False,1,2000,600,train
1830961335,2000,0->25,25,False,1,2000,600,train
1831078049,2000,0->16,16,False,1,2000,600,train
1833315442,2000,0->21,21,False,1,2000,600,train
1833403173,2000,0->7,7,False,1,2000,600,test
1834477976,2000,0->15,15,False,1,2000,600,test
1836143878,2000,0->26,26,False,1,2000,600,train
1837483138,2000,0->5,5,False,1,2000,600,train
1840430582,2000,0->2,2,False,1,2000,600,train
1842794803,2000,0->6,6,False,1,2000,600,train
1843112031,2000,0->19,19,False,1,2000,600,train
1843505223,2000,0->1,1,False,1,2000,600,train
1845563628,2000,0->5,5,False,1,2000,600,train
1849059736,2000,0->2,2,False,1,2000,600,train
1850869085,2000,0->6,6,False,1,2000,600,train
1851751473,2000,0->19,19,False,1,2000,600,train
1852144681,2000,0->1,1,False,1,2000,600,train
1855057325,2000,0->22,22,False,1,2000,600,train
1855432123,2000,0->11,11,False,1,2000,600,train
1856410841,2000,0->25,25,False,1,2000,600,train
1858271260,2000,0->21,21,False,1,2000,600,train
1861583208,2000,0->26,26,False,1,2000,600,train
1862308395,2000,0->21,21,False,1,2000,600,train
1865935711,2000,0->26,26,False,1,2000,600,train
1867745178,2000,0->22,22,False,1,2000,600,train
1867894668,2000,0->11,11,False,1,2000,600,train
1868889838,2000,0->25,25,False,1,2000,600,train
1871736682,2000,0->6,6,False,1,2000,600,train
1872565766,2000,0->19,19,False,1,2000,600,train
1873221150,2000,0->1,1,False,1,2000,600,train
1875081947,2000,0->5,5,False,1,2000,600,train
1878262703,2000,0->2,2,False,1,2000,600,train
1880328561,2000,0->15,15,False,1,2000,600,train
1880473959,2000,0->26,26,False,1,2000,600,train
1881468933,2000,0->12,12,False,1,2000,600,train
1883282624,2000,0->16,16,False,1,2000,600,train
1884153260,2000,0->9,9,False,1,2000,600,train
1886905780,2000,0->11,11,False,1,2000,600,train
1890839045,2000,0->20,20,False,1,2000,600,test
1893172928,2000,0->24,24,False,1,2000,600,test
1893814499,2000,0->5,5,False,1,2000,600,train
1897262327,2000,0->24,24,False,1,2000,600,test
1898134228,2000,0->5,5,False,1,2000,600,train
1903263794,2000,0->20,20,False,1,2000,600,test
1904408311,2000,0->16,16,False,1,2000,600,train
1905233819,2000,0->9,9,False,1,2000,600,train
1907724163,2000,0->11,11,False,1,2000,600,train
1909580614,2000,0->15,15,False,1,2000,600,train
1909959504,2000,0->26,26,False,1,2000,600,train
1910938162,2000,0->12,12,False,1,2000,600,train
1913004697,2000,0->16,16,False,1,2000,600,train
1913347061,2000,0->9,9,False,1,2000,600,train
1915837421,2000,0->11,11,False,1,2000,600,train
1918187304,2000,0->15,15,False,1,2000,600,train
1919045212,2000,0->12,12,False,1,2000,600,train
1919157834,2000,0->21,21,False,1,2000,600,train
1922078670,2000,0->2,2,False,1,2000,600,train
1922119833,2000,0->24,24,False,1,2000,600,test
1928535114,2000,0->13,13,False,1,2000,600,test
1928680540,2000,0->20,20,False,1,2000,600,test
1928954471,2000,0->19,19,False,1,2000,600,train
1931549888,2000,0->1,1,False,1,2000,600,test
1932621437,2000,0->13,13,False,1,2000,600,test
1933000299,2000,0->20,20,False,1,2000,600,test
1933305936,2000,0->19,19,False,1,2000,600,train
1934818809,2000,0->2,2,False,1,2000,600,train
1934840494,2000,0->24,24,False,1,2000,600,test
1939299615,2000,0->15,15,False,1,2000,600,train
1939874923,2000,0->12,12,False,1,2000,600,train
1940286589,2000,0->21,21,False,1,2000,600,train
1942243502,2000,0->16,16,False,1,2000,600,train
1942565314,2000,0->9,9,False,1,2000,600,train
1945317850,2000,0->11,11,False,1,2000,600,train
1950258871,2000,0->20,20,False,1,2000,600,test
1950300640,2000,0->6,6,False,1,2000,600,train
1951193305,2000,0->5,5,False,1,2000,600,test
1952119410,2000,0->24,24,False,1,2000,600,test
1952232036,2000,0->17,17,False,1,2000,600,test
1956574659,2000,0->15,15,False,1,2000,600,train
1957268663,2000,0->12,12,False,1,2000,600,train
1958779166,2000,0->9,9,False,1,2000,600,train
1959503972,2000,0->25,25,False,1,2000,600,train
1959649394,2000,0->16,16,False,1,2000,600,train
1962580230,2000,0->11,11,False,1,2000,600,train
1963127593,2000,0->9,9,False,1,2000,600,train
1963573843,2000,0->25,25,False,1,2000,600,train
1963952709,2000,0->16,16,False,1,2000,600,train
1966666545,2000,0->11,11,False,1,2000,600,train
1969004532,2000,0->15,15,False,1,2000,600,train
1970005632,2000,0->12,12,False,1,2000,600,train
1972932677,2000,0->24,24,False,1,2000,600,test
1973344339,2000,0->17,17,False,1,2000,600,test
1979513984,2000,0->20,20,False,1,2000,600,test
1979536343,2000,0->6,6,False,1,2000,600,train
1981563947,2000,0->24,24,False,1,2000,600,test
1984888525,2000,0->1,1,False,1,2000,600,train
1987586286,2000,0->20,20,False,1,2000,600,test
1988503367,2000,0->9,9,False,1,2000,600,train
1988845099,2000,0->16,16,False,1,2000,600,train
1991307620,2000,0->28,28,False,1,2000,600,test
1991929673,2000,0->22,22,False,1,2000,600,train
1992042335,2000,0->11,11,False,1,2000,600,train
1993886618,2000,0->15,15,False,1,2000,600,train
1995387630,2000,0->12,12,False,1,2000,600,train
1998201261,2000,0->15,15,False,1,2000,600,train
1999460569,2000,0->12,12,False,1,2000,600,train
2000964976,2000,0->9,9,False,1,2000,600,train
2001286172,2000,0->16,16,False,1,2000,600,train
2003999571,2000,0->28,28,False,1,2000,600,test
2004354430,2000,0->22,22,False,1,2000,600,train
2004766056,2000,0->11,11,False,1,2000,600,train
2005701882,2000,0->1,1,False,1,2000,600,train
2008695513,2000,0->20,20,False,1,2000,600,test
2011049500,2000,0->24,24,False,1,2000,600,test
2013879685,2000,0->17,17,False,1,2000,600,test
2014231236,2000,0->2,2,False,1,2000,600,train
2017051568,2000,0->5,5,False,1,2000,600,train
2019405685,2000,0->1,1,False,1,2000,600,train
2020061037,2000,0->19,19,False,1,2000,600,train
2020267521,2000,0->6,6,False,1,2000,600,train
2020309334,2000,0->20,20,False,1,2000,600,test
2020421952,2000,0->13,13,False,1,2000,600,test
2023061247,2000,0->9,9,False,1,2000,600,train
2023638917,2000,0->25,25,False,1,2000,600,train
2023989468,2000,0->28,28,False,1,2000,600,test
2024357617,2000,0->22,22,False,1,2000,600,train
2026721844,2000,0->26,26,False,1,2000,600,train
2029660992,2000,0->21,21,False,1,2000,600,train
2029806422,2000,0->12,12,False,1,2000,600,train
2031040515,2000,0->26,26,False,1,2000,600,train
2033729911,2000,0->21,21,False,1,2000,600,train
2034108769,2000,0->12,12,False,1,2000,600,train
2035752136,2000,0->9,9,False,1,2000,600,train
2036084146,2000,0->25,25,False,1,2000,600,train
2036452075,2000,0->28,28,False,1,2000,600,test
2037077190,2000,0->22,22,False,1,2000,600,train
2040513858,2000,0->1,1,False,1,2000,600,train
2040907098,2000,0->19,19,False,1,2000,600,train
2041101366,2000,0->6,6,False,1,2000,600,train
2041123681,2000,0->20,20,False,1,2000,600,test
2041535351,2000,0->13,13,False,1,2000,600,test
2043361202,2000,0->17,17,False,1,2000,600,test
2043465971,2000,0->2,2,False,1,2000,600,train
2046536071,2000,0->5,5,False,1,2000,600,train
2048594220,2000,0->1,1,False,1,2000,600,train
2048987444,2000,0->19,19,False,1,2000,600,train
2049675033,2000,0->13,13,False,1,2000,600,test
2049730648,2000,0->6,6,False,1,2000,600,train
2051540125,2000,0->2,2,False,1,2000,600,train
2052056028,2000,0->17,17,False,1,2000,600,test
2055175657,2000,0->5,5,False,1,2000,600,train
2055990381,2000,0->26,26,False,1,2000,600,train
2056103035,2000,0->15,15,False,1,2000,600,train
2059179289,2000,0->21,21,False,1,2000,600,train
2061040092,2000,0->25,25,False,1,2000,600,train
2061835909,2000,0->28,28,False,1,2000,600,test
2062516392,2000,0->22,22,False,1,2000,600,train
2066183346,2000,0->28,28,False,1,2000,600,test
2066606751,2000,0->22,22,False,1,2000,600,train
2068416090,2000,0->26,26,False,1,2000,600,train
2068827724,2000,0->15,15,False,1,2000,600,train
2071920430,2000,0->21,21,False,1,2000,600,train
2072669866,2000,0->2,2,False,1,2000,600,train
2072873451,2000,0->17,17,False,1,2000,600,train
2075989982,2000,0->5,5,False,1,2000,600,train
2077850395,2000,0->1,1,False,1,2000,600,train
2078505731,2000,0->19,19,False,1,2000,600,train
2078926126,2000,0->13,13,False,1,2000,600,test
2079195759,2000,0->6,6,False,1,2000,600,train
2081635127,2000,0->25,25,False,1,2000,600,train
2082605653,2000,0->11,11,False,1,2000,600,train
2082751043,2000,0->22,22,False,1,2000,600,train
2083445870,2000,0->28,28,False,1,2000,600,test
2084580998,2000,0->26,26,False,1,2000,600,train
2089010806,2000,0->2,2,False,1,2000,600,train
2089034039,2000,0->17,17,False,1,2000,600,test
2092220162,2000,0->5,5,False,1,2000,600,train
2094060487,2000,0->1,1,False,1,2000,600,train
2095074802,2000,0->13,13,False,1,2000,600,train
2095557299,2000,0->6,6,False,1,2000,600,train
2095764447,2000,0->19,19,False,1,2000,600,train
2098379248,2000,0->1,1,False,1,2000,600,train
2099390405,2000,0->13,13,False,1,2000,600,test
2099626116,2000,0->6,6,False,1,2000,600,train
2099821032,2000,0->19,19,False,1,2000,600,train
2101455937,2000,0->2,2,False,1,2000,600,train
2101758720,2000,0->17,17,False,1,2000,600,test
2104939829,2000,0->5,5,False,1,2000,600,train
2105689265,2000,0->26,26,False,1,2000,600,train
2109029829,2000,0->21,21,False,1,2000,600,train
2110869760,2000,0->25,25,False,1,2000,600,train
2111856738,2000,0->11,11,False,1,2000,600,train
2112235636,2000,0->22,22,False,1,2000,600,train
2112665177,2000,0->28,28,False,1,2000,600,test
2113574130,2000,0->9,9,False,1,2000,600,test
2114359519,2000,0->26,26,False,1,2000,600,train
2117200299,2000,0->21,21,False,1,2000,600,train
2119421304,2000,0->16,16,False,1,2000,600,train
2119533934,2000,0->25,25,False,1,2000,600,train
2120416282,2000,0->22,22,False,1,2000,600,train
2120770103,2000,0->28,28,False,1,2000,600,test
2123787678,2000,0->1,1,False,1,2000,600,train
2124485866,2000,0->6,6,False,1,2000,600,train
2124870571,2000,0->13,13,False,1,2000,600,test
2125229446,2000,0->19,19,False,1,2000,600,train
2126684014,2000,0->17,17,False,1,2000,600,test
2126829432,2000,0->24,24,False,1,2000,600,test
2126870575,2000,0->2,2,False,1,2000,600,train
2129789275,2000,0->5,5,False,1,2000,600,train
2130769241,2000,0->17,17,False,1,2000,600,test
2131148111,2000,0->24,24,False,1,2000,600,test
2131169816,2000,0->2,2,False,1,2000,600,train
2133879660,2000,0->5,5,False,1,2000,600,train
2136213417,2000,0->1,1,False,1,2000,600,train
2137226973,2000,0->6,6,False,1,2000,600,train
2137299356,2000,0->13,13,False,1,2000,600,test
2137917361,2000,0->19,19,False,1,2000,600,train
2140251983,2000,0->16,16,False,1,2000,600,train
2140663641,2000,0->25,25,False,1,2000,600,train
2141230637,2000,0->22,22,False,1,2000,600,train
2141849600,2000,0->28,28,False,1,2000,600,test
2143615720,2000,0->26,26,False,1,2000,600,train
2146665372,2000,0->21,21,False,1,2000,600,train
2147616940,2000,0->18,18,False,1,2000,600,train
2148495808,2000,0->7,7,False,1,2000,600,train
2153538673,2000,0->4,4,False,1,2000,600,train
2153874216,2000,0->9,9,False,1,2000,600,test
2154503429,2000,0->3,3,False,1,2000,600,train
2157560983,2000,0->13,13,False,1,2000,600,train
2157939841,2000,0->20,20,False,1,2000,600,train
2158556661,2000,0->27,27,False,1,2000,600,train
2160892208,2000,0->23,23,False,1,2000,600,train
2163265854,2000,0->8,8,False,1,2000,600,train
2163990596,2000,0->24,24,False,1,2000,600,train
2165240583,2000,0->23,23,False,1,2000,600,train
2167585545,2000,0->8,8,False,1,2000,600,train
2168031859,2000,0->24,24,False,1,2000,600,train
2170269344,2000,0->13,13,False,1,2000,600,train
2170414774,2000,0->20,20,False,1,2000,600,train
2171248578,2000,0->27,27,False,1,2000,600,train
2174619206,2000,0->4,4,False,1,2000,600,train
2175002911,2000,0->9,9,False,1,2000,600,test
2175366962,2000,0->3,3,False,1,2000,600,train
2176869019,2000,0->18,18,False,1,2000,600,train
2177702903,2000,0->7,7,False,1,2000,600,train
2182797864,2000,0->4,4,False,1,2000,600,train
2183609713,2000,0->9,9,False,1,2000,600,test
2184029020,2000,0->3,3,False,1,2000,600,train
2185541365,2000,0->18,18,False,1,2000,600,train
2185875353,2000,0->7,7,False,1,2000,600,train
2190092137,2000,0->23,23,False,1,2000,600,train
2190182462,2000,0->5,5,False,1,2000,600,test
2193448477,2000,0->24,24,False,1,2000,600,train
2195272408,2000,0->20,20,False,1,2000,600,train
2196243386,2000,0->14,14,False,1,2000,600,train
2196655020,2000,0->27,27,False,1,2000,600,train
2199607535,2000,0->20,20,False,1,2000,600,train
2200594829,2000,0->14,14,False,1,2000,600,train
2200707483,2000,0->27,27,False,1,2000,600,train
2202553694,2000,0->23,23,False,1,2000,600,train
2202657289,2000,0->5,5,False,1,2000,600,test
2203682996,2000,0->17,17,False,1,2000,600,test
2206151722,2000,0->24,24,False,1,2000,600,train
2206653634,2000,0->18,18,False,1,2000,600,train
2206967214,2000,0->7,7,False,1,2000,600,train
2212016159,2000,0->4,4,False,1,2000,600,train
2212845382,2000,0->9,9,False,1,2000,600,test
2213529963,2000,0->3,3,False,1,2000,600,train
2215833651,2000,0->20,20,False,1,2000,600,train
2216961552,2000,0->1,1,False,1,2000,600,test
2217052487,2000,0->27,27,False,1,2000,600,train
2218020013,2000,0->13,13,False,1,2000,600,test
2218911106,2000,0->23,23,False,1,2000,600,train
2219290004,2000,0->10,10,False,1,2000,600,train
2222365942,2000,0->24,24,False,1,2000,600,train
2223115634,2000,0->7,7,False,1,2000,600,train
2223993886,2000,0->18,18,False,1,2000,600,train
2228295875,2000,0->4,4,False,1,2000,600,train
2228890041,2000,0->28,28,False,1,2000,600,train
2229690807,2000,0->3,3,False,1,2000,600,train
2230124442,2000,0->9,9,False,1,2000,600,test
2232644340,2000,0->4,4,False,1,2000,600,train
2232959886,2000,0->28,28,False,1,2000,600,train
2233731968,2000,0->3,3,False,1,2000,600,train
2234422701,2000,0->9,9,False,1,2000,600,train
2235590469,2000,0->7,7,False,1,2000,600,train
2236423721,2000,0->18,18,False,1,2000,600,train
2239991733,2000,0->23,23,False,1,2000,600,train
2240137123,2000,0->10,10,False,1,2000,600,train
2243229377,2000,0->24,24,False,1,2000,600,train
2245040644,2000,0->20,20,False,1,2000,600,train
2246462503,2000,0->1,1,False,1,2000,600,test
2246566768,2000,0->27,27,False,1,2000,600,train
2248629211,2000,0->23,23,False,1,2000,600,train
2251301551,2000,0->24,24,False,1,2000,600,train
2251713209,2000,0->17,17,False,1,2000,600,train
2253672042,2000,0->20,20,False,1,2000,600,train
2254649118,2000,0->27,27,False,1,2000,600,train
2258085530,2000,0->4,4,False,1,2000,600,train
2258690030,2000,0->3,3,False,1,2000,600,train
2259304899,2000,0->9,9,False,1,2000,600,test
2261037867,2000,0->7,7,False,1,2000,600,train
2261371463,2000,0->18,18,False,1,2000,600,train
2265372956,2000,0->7,7,False,1,2000,600,train
2265686128,2000,0->18,18,False,1,2000,600,train
2270547117,2000,0->4,4,False,1,2000,600,train
2271393241,2000,0->3,3,False,1,2000,600,train
2271751156,2000,0->9,9,False,1,2000,600,test
2274763869,2000,0->20,20,False,1,2000,600,train
2275499305,2000,0->27,27,False,1,2000,600,train
2277847532,2000,0->23,23,False,1,2000,600,train
2280802456,2000,0->24,24,False,1,2000,600,train
2280915086,2000,0->17,17,False,1,2000,600,train
2282898037,2000,0->10,10,False,1,2000,600,train
2283119924,2000,0->5,5,False,1,2000,600,test
2284141313,2000,0->17,17,False,1,2000,600,train
2284339821,2000,0->8,8,False,1,2000,600,train
2285983684,2000,0->13,13,False,1,2000,600,train
2289067686,2000,0->27,27,False,1,2000,600,train
2289158641,2000,0->1,1,False,1,2000,600,test
2289446576,2000,0->14,14,False,1,2000,600,train
2290415394,2000,0->4,4,False,1,2000,600,train
2291123800,2000,0->28,28,False,1,2000,600,train
2303106325,2000,0->4,4,False,1,2000,600,train
2303569007,2000,0->28,28,False,1,2000,600,train
2307079667,2000,0->13,13,False,1,2000,600,train
2310147217,2000,0->27,27,False,1,2000,600,train
2310251462,2000,0->1,1,False,1,2000,600,test
2310292615,2000,0->14,14,False,1,2000,600,train
2312120386,2000,0->10,10,False,1,2000,600,train
2312621827,2000,0->5,5,False,1,2000,600,test
2313638198,2000,0->17,17,False,1,2000,600,train
2313824346,2000,0->8,8,False,1,2000,600,train
2315362699,2000,0->20,20,False,1,2000,600,train
2315774365,2000,0->13,13,False,1,2000,600,train
2318438633,2000,0->14,14,False,1,2000,600,train
2318890920,2000,0->1,1,False,1,2000,600,test
2320702317,2000,0->5,5,False,1,2000,600,test
2320825388,2000,0->10,10,False,1,2000,600,train
2321778008,2000,0->17,17,False,1,2000,600,train
2322529332,2000,0->8,8,False,1,2000,600,train
2325489062,2000,0->18,18,False,1,2000,600,train
2328459265,2000,0->28,28,False,1,2000,600,train
2331324431,2000,0->3,3,False,1,2000,600,train
2332012066,2000,0->9,9,False,1,2000,600,test
2332758582,2000,0->28,28,False,1,2000,600,train
2335660600,2000,0->3,3,False,1,2000,600,train
2336080917,2000,0->9,9,False,1,2000,600,test
2338213777,2000,0->18,18,False,1,2000,600,train
2341564762,2000,0->5,5,False,1,2000,600,test
2341901851,2000,0->10,10,False,1,2000,600,train
2342645615,2000,0->17,17,False,1,2000,600,train
2343343619,2000,0->8,8,False,1,2000,600,train
2344864700,2000,0->20,20,False,1,2000,600,train
2344977322,2000,0->13,13,False,1,2000,600,train
2347956958,2000,0->14,14,False,1,2000,600,train
2348096927,2000,0->1,1,False,1,2000,600,train
2348989162,2000,0->28,28,False,1,2000,600,train
2354748961,2000,0->7,7,False,1,2000,600,train
2358827398,2000,0->5,5,False,1,2000,600,train
2359246535,2000,0->10,10,False,1,2000,600,train
2359639775,2000,0->8,8,False,1,2000,600,train
2359838643,2000,0->17,17,False,1,2000,600,train
2360217509,2000,0->24,24,False,1,2000,600,train
2362190710,2000,0->13,13,False,1,2000,600,train
2365280770,2000,0->14,14,False,1,2000,600,train
2365371715,2000,0->1,1,False,1,2000,600,test
2366521665,2000,0->13,13,False,1,2000,600,train
2369337397,2000,0->14,14,False,1,2000,600,train
2369707892,2000,0->1,1,False,1,2000,600,test
2371531697,2000,0->5,5,False,1,2000,600,test
2371704048,2000,0->10,10,False,1,2000,600,train
2372359400,2000,0->8,8,False,1,2000,600,train
2372545924,2000,0->17,17,False,1,2000,600,train
2372691346,2000,0->24,24,False,1,2000,600,train
2375611414,2000,0->7,7,False,1,2000,600,train
2378223837,2000,0->28,28,False,1,2000,600,train
2386822323,2000,0->28,28,False,1,2000,600,train
2391446831,2000,0->13,13,False,1,2000,600,train
2394557210,2000,0->1,1,False,1,2000,600,test
2394811483,2000,0->14,14,False,1,2000,600,train
2396618910,2000,0->10,10,False,1,2000,600,train
2396940255,2000,0->5,5,False,1,2000,600,test
2397030536,2000,0->23,23,False,1,2000,600,train
2397274246,2000,0->8,8,False,1,2000,600,train
2398026218,2000,0->17,17,False,1,2000,600,train
2400971433,2000,0->10,10,False,1,2000,600,train
2400980456,2000,0->5,5,False,1,2000,600,test
2401084095,2000,0->23,23,False,1,2000,600,train
2401364657,2000,0->8,8,False,1,2000,600,train
2402063325,2000,0->17,17,False,1,2000,600,train
2403925784,2000,0->13,13,False,1,2000,600,train
2407031085,2000,0->1,1,False,1,2000,600,test
2407499372,2000,0->14,14,False,1,2000,600,train
2407952004,2000,0->28,28,False,1,2000,600,train
2416505331,2000,0->24,24,False,1,2000,600,train
2420082823,2000,0->23,23,False,1,2000,600,train
2421941314,2000,0->27,27,False,1,2000,600,train
2422058068,2000,0->14,14,False,1,2000,600,train
2423037238,2000,0->20,20,False,1,2000,600,train
2425883826,2000,0->3,3,False,1,2000,600,train
2426966663,2000,0->11,11,False,1,2000,600,test
2427418054,2000,0->4,4,False,1,2000,600,train
2429204052,2000,0->26,26,False,1,2000,600,test
2429353538,2000,0->15,15,False,1,2000,600,test
2431719707,2000,0->18,18,False,1,2000,600,train
2432458871,2000,0->7,7,False,1,2000,600,train
2433277027,2000,0->26,26,False,1,2000,600,test
2433651829,2000,0->15,15,False,1,2000,600,test
2436068140,2000,0->18,18,False,1,2000,600,train
2436762176,2000,0->7,7,False,1,2000,600,train
2438620805,2000,0->3,3,False,1,2000,600,train
2439706800,2000,0->11,11,False,1,2000,600,test
2439847921,2000,0->4,4,False,1,2000,600,train
2442759797,2000,0->27,27,False,1,2000,600,train
2443167331,2000,0->14,14,False,1,2000,600,train
2444162817,2000,0->20,20,False,1,2000,600,train
2445974468,2000,0->24,24,False,1,2000,600,train
2449334960,2000,0->23,23,False,1,2000,600,train
2451397147,2000,0->27,27,False,1,2000,600,train
2452026708,2000,0->19,19,False,1,2000,600,test
2452235119,2000,0->20,20,False,1,2000,600,train
2452384633,2000,0->13,13,False,1,2000,600,train
2454027984,2000,0->8,8,False,1,2000,600,train
2454605738,2000,0->24,24,False,1,2000,600,train
2458533915,2000,0->15,15,False,1,2000,600,test
2461509442,2000,0->18,18,False,1,2000,600,train
2461720110,2000,0->7,7,False,1,2000,600,train
2464068331,2000,0->3,3,False,1,2000,600,train
2464795551,2000,0->4,4,False,1,2000,600,train
2465082590,2000,0->11,11,False,1,2000,600,train
2468141276,2000,0->3,3,False,1,2000,600,train
2469110184,2000,0->4,4,False,1,2000,600,train
2469152489,2000,0->11,11,False,1,2000,600,test
2470980140,2000,0->15,15,False,1,2000,600,test
2473971061,2000,0->18,18,False,1,2000,600,train
2474161177,2000,0->7,7,False,1,2000,600,train
2475103463,2000,0->8,8,False,1,2000,600,train
2475435421,2000,0->24,24,False,1,2000,600,train
2478529769,2000,0->23,23,False,1,2000,600,train
2480877612,2000,0->27,27,False,1,2000,600,train
2481233763,2000,0->19,19,False,1,2000,600,test
2481473880,2000,0->20,20,False,1,2000,600,train
2481848654,2000,0->13,13,False,1,2000,600,train
2484432896,2000,0->3,3,False,1,2000,600,train
2485258612,2000,0->4,4,False,1,2000,600,train
2485513781,2000,0->11,11,False,1,2000,600,test
2487321328,2000,0->15,15,False,1,2000,600,test
2490440901,2000,0->7,7,False,1,2000,600,train
2491180457,2000,0->18,18,False,1,2000,600,train
2491663703,2000,0->17,17,False,1,2000,600,train
2491780417,2000,0->24,24,False,1,2000,600,train
2494755893,2000,0->23,23,False,1,2000,600,train
2497091824,2000,0->27,27,False,1,2000,600,train
2497831300,2000,0->20,20,False,1,2000,600,train
2502134707,2000,0->20,20,False,1,2000,600,train
2504109920,2000,0->17,17,False,1,2000,600,train
2504517494,2000,0->24,24,False,1,2000,600,train
2507185666,2000,0->23,23,False,1,2000,600,train
2508449991,2000,0->15,15,False,1,2000,600,train
2511566578,2000,0->7,7,False,1,2000,600,train
2512261022,2000,0->18,18,False,1,2000,600,train
2513902135,2000,0->3,3,False,1,2000,600,train
2514510659,2000,0->4,4,False,1,2000,600,train
2514977794,2000,0->11,11,False,1,2000,600,test
2517056681,2000,0->15,15,False,1,2000,600,test
2520228508,2000,0->7,7,False,1,2000,600,train
2520439792,2000,0->18,18,False,1,2000,600,train
2522074713,2000,0->3,3,False,1,2000,600,train
2523091052,2000,0->11,11,False,1,2000,600,test
2523182893,2000,0->4,4,False,1,2000,600,train
2523207802,2000,0->22,22,False,1,2000,600,test
2523891287,2000,0->28,28,False,1,2000,600,train
2526029481,2000,0->27,27,False,1,2000,600,train
2527551453,2000,0->20,20,False,1,2000,600,train
2529375000,2000,0->24,24,False,1,2000,600,train
2532442746,2000,0->10,10,False,1,2000,600,train
2532592236,2000,0->23,23,False,1,2000,600,train
2533447983,2000,0->24,24,False,1,2000,600,train
2536532045,2000,0->10,10,False,1,2000,600,train
2536906843,2000,0->23,23,False,1,2000,600,train
2538753182,2000,0->27,27,False,1,2000,600,train
2539992554,2000,0->20,20,False,1,2000,600,train
2542904430,2000,0->3,3,False,1,2000,600,train
2543925851,2000,0->11,11,False,1,2000,600,test
2544295194,2000,0->4,4,False,1,2000,600,train
2544333389,2000,0->22,22,False,1,2000,600,test
2544757856,2000,0->28,28,False,1,2000,600,train
2546292382,2000,0->15,15,False,1,2000,600,test
2549467307,2000,0->7,7,False,1,2000,600,train
2549658055,2000,0->18,18,False,1,2000,600,train
2551325959,2000,0->26,26,False,1,2000,600,test
2552859208,2000,0->18,18,False,1,2000,600,train
2554372065,2000,0->3,3,False,1,2000,600,train
2557888962,2000,0->22,22,False,1,2000,600,test
2558318575,2000,0->28,28,False,1,2000,600,train
2558869255,2000,0->14,14,False,1,2000,600,train
2561820275,2000,0->13,13,False,1,2000,600,train
2561936997,2000,0->20,20,False,1,2000,600,train
2562250846,2000,0->19,19,False,1,2000,600,test
2564172470,2000,0->17,17,False,1,2000,600,train
2564510682,2000,0->8,8,False,1,2000,600,train
2564903874,2000,0->10,10,False,1,2000,600,train
2568241281,2000,0->17,17,False,1,2000,600,train
2568567277,2000,0->8,8,False,1,2000,600,train
2569222645,2000,0->10,10,False,1,2000,600,train
2571588912,2000,0->14,14,False,1,2000,600,train
2574265412,2000,0->13,13,False,1,2000,600,train
2574672978,2000,0->20,20,False,1,2000,600,train
2574955113,2000,0->19,19,False,1,2000,600,test
2575496662,2000,0->3,3,False,1,2000,600,train
2578719733,2000,0->22,22,False,1,2000,600,test
2579414488,2000,0->28,28,False,1,2000,600,train
2580565808,2000,0->26,26,False,1,2000,600,test
2582372479,2000,0->18,18,False,1,2000,600,train
2586900379,2000,0->22,22,False,1,2000,600,test
2586925260,2000,0->4,4,False,1,2000,600,train
2587519414,2000,0->28,28,False,1,2000,600,train
2588064245,2000,0->7,7,False,1,2000,600,test
2589119304,2000,0->15,15,False,1,2000,600,test
2589236062,2000,0->26,26,False,1,2000,600,test
2593166575,2000,0->17,17,False,1,2000,600,train
2594041219,2000,0->8,8,False,1,2000,600,train
2594696603,2000,0->10,10,False,1,2000,600,train
2596503902,2000,0->14,14,False,1,2000,600,train
2596653384,2000,0->27,27,False,1,2000,600,train
2599745578,2000,0->13,13,False,1,2000,600,train
2600363527,2000,0->19,19,False,1,2000,600,test
2600594281,2000,0->14,14,False,1,2000,600,train
2600969087,2000,0->27,27,False,1,2000,600,train
2604044829,2000,0->13,13,False,1,2000,600,train
2604403760,2000,0->19,19,False,1,2000,600,test
2605907672,2000,0->17,17,False,1,2000,600,train
2606729140,2000,0->8,8,False,1,2000,600,train
2607122348,2000,0->10,10,False,1,2000,600,train
2609953151,2000,0->15,15,False,1,2000,600,test
2610360681,2000,0->26,26,False,1,2000,600,test
2616368556,2000,0->22,22,False,1,2000,600,test
2616406779,2000,0->4,4,False,1,2000,600,train
2616722305,2000,0->28,28,False,1,2000,600,train
2617787317,2000,0->14,14,False,1,2000,600,train
2620761324,2000,0->19,19,False,1,2000,600,train
2621389505,2000,0->13,13,False,1,2000,600,train
2622893928,2000,0->8,8,False,1,2000,600,train
2623231492,2000,0->17,17,False,1,2000,600,train
2624218982,2000,0->23,23,False,1,2000,600,train
2624335728,2000,0->10,10,False,1,2000,600,train
2627688885,2000,0->26,26,False,1,2000,600,test
2633083741,2000,0->28,28,False,1,2000,600,train
2633708912,2000,0->22,22,False,1,2000,600,test
2633858406,2000,0->11,11,False,1,2000,600,test
2637135340,2000,0->3,3,False,1,2000,600,test
2637414762,2000,0->28,28,False,1,2000,600,train
2637782855,2000,0->22,22,False,1,2000,600,test
2638157649,2000,0->11,11,False,1,2000,600,test
2640130946,2000,0->26,26,False,1,2000,600,test
2643739999,2000,0->8,8,False,1,2000,600,train
2644065331,2000,0->17,17,False,1,2000,600,train
2645036369,2000,0->23,23,False,1,2000,600,train
2645443911,2000,0->10,10,False,1,2000,600,train
2647271810,2000,0->14,14,False,1,2000,600,train
2650263259,2000,0->19,19,False,1,2000,600,test
2650624246,2000,0->13,13,False,1,2000,600,train
2651885873,2000,0->8,8,False,1,2000,600,train
2652610635,2000,0->24,24,False,1,2000,600,train
2652760157,2000,0->17,17,False,1,2000,600,train
2653589801,2000,0->10,10,False,1,2000,600,train
2655976940,2000,0->14,14,False,1,2000,600,train
2658343605,2000,0->19,19,False,1,2000,600,test
2658763928,2000,0->13,13,False,1,2000,600,train
2662798596,2000,0->28,28,False,1,2000,600,train
2663222057,2000,0->22,22,False,1,2000,600,test
2665080812,2000,0->26,26,False,1,2000,600,test
2666475983,2000,0->7,7,False,1,2000,600,train
2669383131,2000,0->26,26,False,1,2000,600,test
2670550008,2000,0->7,7,False,1,2000,600,train
2675277619,2000,0->28,28,False,1,2000,600,train
2675958046,2000,0->22,22,False,1,2000,600,test
2676791259,2000,0->14,14,False,1,2000,600,train
2679206018,2000,0->19,19,False,1,2000,600,test
2679893679,2000,0->13,13,False,1,2000,600,train
2681404166,2000,0->8,8,False,1,2000,600,train
2681850492,2000,0->24,24,False,1,2000,600,train
2682225258,2000,0->17,17,False,1,2000,600,train
2682845982,2000,0->10,10,False,1,2000,600,train
2686861813,2000,0->18,18,False,1,2000,600,train
2687187097,2000,0->7,7,False,1,2000,600,train
2691898450,2000,0->28,28,False,1,2000,600,train
2692230440,2000,0->4,4,False,1,2000,600,train
2693577900,2000,0->27,27,False,1,2000,600,train
2696660440,2000,0->20,20,False,1,2000,600,train
2699012381,2000,0->24,24,False,1,2000,600,train
2699612265,2000,0->23,23,False,1,2000,600,train
2699991167,2000,0->10,10,False,1,2000,600,train
2703082282,2000,0->24,24,False,1,2000,600,train
2703931998,2000,0->23,23,False,1,2000,600,train
2704077384,2000,0->10,10,False,1,2000,600,train
2706298523,2000,0->27,27,False,1,2000,600,train
2709106671,2000,0->20,20,False,1,2000,600,train
2710388331,2000,0->3,3,False,1,2000,600,train
2712761957,2000,0->28,28,False,1,2000,600,train
2713339679,2000,0->4,4,False,1,2000,600,train
2716085186,2000,0->18,18,False,1,2000,600,train
2716422830,2000,0->7,7,False,1,2000,600,train
2718558725,2000,0->3,3,False,1,2000,600,train
2722009969,2000,0->4,4,False,1,2000,600,train
2724265900,2000,0->18,18,False,1,2000,600,train
2725086912,2000,0->7,7,False,1,2000,600,train
2727941956,2000,0->24,24,False,1,2000,600,train
2728353618,2000,0->17,17,False,1,2000,600,train
2729340464,2000,0->23,23,False,1,2000,600,train
2731148021,2000,0->27,27,False,1,2000,600,train
2734478550,2000,0->6,6,False,1,2000,600,test
2734521217,2000,0->20,20,False,1,2000,600,train
2735237314,2000,0->27,27,False,1,2000,600,train
2738798305,2000,0->6,6,False,1,2000,600,test
2738819510,2000,0->20,20,False,1,2000,600,train
2740682099,2000,0->24,24,False,1,2000,600,train
2740794725,2000,0->17,17,False,1,2000,600,train
2741765127,2000,0->23,23,False,1,2000,600,train
2745341339,2000,0->18,18,False,1,2000,600,train
2746215671,2000,0->7,7,False,1,2000,600,train
2748022834,2000,0->3,3,False,1,2000,600,train
2751265094,2000,0->4,4,False,1,2000,600,train
2751578142,2000,0->27,27,False,1,2000,600,train
2754670972,2000,0->13,13,False,1,2000,600,train
2755049834,2000,0->20,20,False,1,2000,600,train
2756892079,2000,0->24,24,False,1,2000,600,train
2756934392,2000,0->2,2,False,1,2000,600,test
2757354709,2000,0->8,8,False,1,2000,600,train
2758126811,2000,0->23,23,False,1,2000,600,train
2762359851,2000,0->7,7,False,1,2000,600,train
2762685767,2000,0->18,18,False,1,2000,600,train
2764187886,2000,0->3,3,False,1,2000,600,train
2767540634,2000,0->4,4,False,1,2000,600,train
2768257753,2000,0->3,3,False,1,2000,600,train
2771860397,2000,0->4,4,False,1,2000,600,train
2774806044,2000,0->7,7,False,1,2000,600,train
2775144304,2000,0->18,18,False,1,2000,600,train
2777726872,2000,0->24,24,False,1,2000,600,train
2777747663,2000,0->2,2,False,1,2000,600,test
2778435298,2000,0->8,8,False,1,2000,600,train
2779236076,2000,0->23,23,False,1,2000,600,train
2781063721,2000,0->27,27,False,1,2000,600,train
2784140107,2000,0->13,13,False,1,2000,600,train
2784285533,2000,0->20,20,False,1,2000,600,train
2786356214,2000,0->24,24,False,1,2000,600,train
2787316354,2000,0->23,23,False,1,2000,600,train
2789291601,2000,0->14,14,False,1,2000,600,train
2789703239,2000,0->27,27,False,1,2000,600,train
2792359731,2000,0->20,20,False,1,2000,600,train
2793707191,2000,0->3,3,False,1,2000,600,train
2796810179,2000,0->4,4,False,1,2000,600,train
2799762034,2000,0->7,7,False,1,2000,600,train
2800583454,2000,0->18,18,False,1,2000,600,train
2804934953,2000,0->18,18,False,1,2000,600,train
2806447232,2000,0->3,3,False,1,2000,600,train
2809234932,2000,0->4,4,False,1,2000,600,train
2810403942,2000,0->14,14,False,1,2000,600,train
2810516592,2000,0->27,27,False,1,2000,600,train
2813488388,2000,0->20,20,False,1,2000,600,train
2815820225,2000,0->24,24,False,1,2000,600,train
2816571573,2000,0->23,23,False,1,2000,600,train
2818667096,2000,0->17,17,False,1,2000,600,train
2819003673,2000,0->2,2,False,1,2000,600,test
2819045966,2000,0->24,24,False,1,2000,600,train
2819361588,2000,0->8,8,False,1,2000,600,train
2822114092,2000,0->10,10,False,1,2000,600,train
2823972841,2000,0->14,14,False,1,2000,600,train
2825058780,2000,0->6,6,False,1,2000,600,test
2825199261,2000,0->13,13,False,1,2000,600,train
2826230647,2000,0->27,27,False,1,2000,600,test
2829815553,2000,0->28,28,False,1,2000,600,train
2834541514,2000,0->7,7,False,1,2000,600,train
2838610429,2000,0->7,7,False,1,2000,600,train
2842289462,2000,0->28,28,False,1,2000,600,train
2844790238,2000,0->14,14,False,1,2000,600,train
2845873131,2000,0->6,6,False,1,2000,600,test
2846323882,2000,0->13,13,False,1,2000,600,train
2848135279,2000,0->17,17,False,1,2000,600,train
2848259886,2000,0->2,2,False,1,2000,600,test
2848280697,2000,0->24,24,False,1,2000,600,train
2848874755,2000,0->8,8,False,1,2000,600,train
2851365147,2000,0->10,10,False,1,2000,600,train
2853493168,2000,0->14,14,False,1,2000,600,train
2854461636,2000,0->13,13,False,1,2000,600,train
2854504325,2000,0->6,6,False,1,2000,600,test
2856332096,2000,0->2,2,False,1,2000,600,test
2856832001,2000,0->17,17,False,1,2000,600,train
2857022829,2000,0->8,8,False,1,2000,600,train
2859513205,2000,0->10,10,False,1,2000,600,train
2859924835,2000,0->23,23,False,1,2000,600,train
2867671384,2000,0->28,28,False,1,2000,600,train
2872007535,2000,0->28,28,False,1,2000,600,train
2877440375,2000,0->2,2,False,1,2000,600,test
2877662774,2000,0->17,17,False,1,2000,600,train
2877874010,2000,0->8,8,False,1,2000,600,train
2880626498,2000,0->10,10,False,1,2000,600,train
2880739156,2000,0->23,23,False,1,2000,600,train
2882974599,2000,0->14,14,False,1,2000,600,train
2883701491,2000,0->13,13,False,1,2000,600,train
2883988914,2000,0->6,6,False,1,2000,600,test
2888233907,2000,0->28,28,False,1,2000,600,train
2888680137,2000,0->4,4,False,1,2000,600,train
2894165894,2000,0->8,8,False,1,2000,600,train
2894850475,2000,0->2,2,False,1,2000,600,test
2894860010,2000,0->17,17,False,1,2000,600,train
2897967006,2000,0->10,10,False,1,2000,600,train
2899923789,2000,0->27,27,False,1,2000,600,train
2900302683,2000,0->14,14,False,1,2000,600,train
2900910639,2000,0->13,13,False,1,2000,600,train
2901378414,2000,0->6,6,False,1,2000,600,test
2904242554,2000,0->27,27,False,1,2000,600,train
2904387948,2000,0->14,14,False,1,2000,600,train
2905212952,2000,0->13,13,False,1,2000,600,train
2905468761,2000,0->6,6,False,1,2000,600,test
2906856881,2000,0->8,8,False,1,2000,600,train
2907276188,2000,0->2,2,False,1,2000,600,test
2907595997,2000,0->17,17,False,1,2000,600,train
2910395817,2000,0->10,10,False,1,2000,600,train
2917439876,2000,0->28,28,False,1,2000,600,train
2918164734,2000,0->4,4,False,1,2000,600,train
2922713165,2000,0->18,18,False,1,2000,600,train
2925266404,2000,0->3,3,False,1,2000,600,train
2925546986,2000,0->28,28,False,1,2000,600,train
2929304834,2000,0->14,14,False,1,2000,600,train
2930283616,2000,0->20,20,False,1,2000,600,train
2930326327,2000,0->6,6,False,1,2000,600,test
2930695286,2000,0->13,13,False,1,2000,600,train
2932328927,2000,0->8,8,False,1,2000,600,train
2932519091,2000,0->17,17,False,1,2000,600,train
2932692978,2000,0->2,2,False,1,2000,600,test
2935867847,2000,0->10,10,False,1,2000,600,train
2936382440,2000,0->8,8,False,1,2000,600,train
2936593028,2000,0->17,17,False,1,2000,600,train
2937011653,2000,0->2,2,False,1,2000,600,test
2937659246,2000,0->23,23,False,1,2000,600,test
2940183536,2000,0->10,10,False,1,2000,600,train
2942029621,2000,0->14,14,False,1,2000,600,train
2943024727,2000,0->20,20,False,1,2000,600,train
2943045888,2000,0->6,6,False,1,2000,600,test
2943137345,2000,0->13,13,False,1,2000,600,train
2946396115,2000,0->3,3,False,1,2000,600,train
2946639837,2000,0->28,28,False,1,2000,600,train
2952231546,2000,0->18,18,False,1,2000,600,train
2954609118,2000,0->23,23,False,1,2000,600,train
2955604156,2000,0->17,17,False,1,2000,600,train
2955720874,2000,0->24,24,False,1,2000,600,train
2957562991,2000,0->20,20,False,1,2000,600,train
2961157403,2000,0->27,27,False,1,2000,600,train
2961915039,2000,0->4,4,False,1,2000,600,train
2965086890,2000,0->16,16,False,1,2000,600,test
2965128683,2000,0->3,3,False,1,2000,600,train
2965236412,2000,0->25,25,False,1,2000,600,test
2966769730,2000,0->18,18,False,1,2000,600,train
2966956334,2000,0->7,7,False,1,2000,600,train
2967457391,2000,0->12,12,False,1,2000,600,test
2971089525,2000,0->18,18,False,1,2000,600,train
2971288345,2000,0->7,7,False,1,2000,600,train
2971509848,2000,0->12,12,False,1,2000,600,test
2974373544,2000,0->4,4,False,1,2000,600,train
2977548445,2000,0->16,16,False,1,2000,600,test
2977837020,2000,0->3,3,False,1,2000,600,train
2977923211,2000,0->25,25,False,1,2000,600,test
2978659928,2000,0->20,20,False,1,2000,600,train
2982004524,2000,0->27,27,False,1,2000,600,train
2983832553,2000,0->23,23,False,1,2000,600,train
2984811147,2000,0->17,17,False,1,2000,600,train
2985218717,2000,0->24,24,False,1,2000,600,train
2987289142,2000,0->20,20,False,1,2000,600,train
2990084930,2000,0->27,27,False,1,2000,600,train
2992322449,2000,0->10,10,False,1,2000,600,train
2992471943,2000,0->23,23,False,1,2000,600,train
2993293043,2000,0->24,24,False,1,2000,600,train
2996039195,2000,0->18,18,False,1,2000,600,train
2996400182,2000,0->12,12,False,1,2000,600,test
2996737911,2000,0->7,7,False,1,2000,600,train
2999366588,2000,0->28,28,False,1,2000,600,train
2999812806,2000,0->4,4,False,1,2000,600,train
3002792882,2000,0->3,3,False,1,2000,600,train
3002932467,2000,0->16,16,False,1,2000,600,test
3003439499,2000,0->28,28,False,1,2000,600,train
3004164337,2000,0->4,4,False,1,2000,600,train
3006828933,2000,0->3,3,False,1,2000,600,train
3007280836,2000,0->16,16,False,1,2000,600,test
3008463916,2000,0->18,18,False,1,2000,600,train
3009092097,2000,0->12,12,False,1,2000,600,test
3009215808,2000,0->7,7,False,1,2000,600,train
3013172646,2000,0->10,10,False,1,2000,600,train
3013547440,2000,0->23,23,False,1,2000,600,train
3014159556,2000,0->24,24,False,1,2000,600,train
3016491009,2000,0->20,20,False,1,2000,600,train
3019602293,2000,0->27,27,False,1,2000,600,train
3020308525,2000,0->4,4,False,1,2000,600,train
3023124825,2000,0->3,3,False,1,2000,600,train
3023494680,2000,0->16,16,False,1,2000,600,test
3025318621,2000,0->12,12,False,1,2000,600,test
3025491356,2000,0->7,7,False,1,2000,600,train
3025677552,2000,0->18,18,False,1,2000,600,train
3029777772,2000,0->23,23,False,1,2000,600,train
3030500376,2000,0->24,24,False,1,2000,600,train
3032852701,2000,0->20,20,False,1,2000,600,train
3035812265,2000,0->27,27,False,1,2000,600,train
3035929023,2000,0->14,14,False,1,2000,600,train
3037184746,2000,0->20,20,False,1,2000,600,train
3039869854,2000,0->27,27,False,1,2000,600,train
3040277384,2000,0->14,14,False,1,2000,600,train
3042236251,2000,0->23,23,False,1,2000,600,train
3043208751,2000,0->24,24,False,1,2000,600,train
3046168810,2000,0->12,12,False,1,2000,600,test
3046588331,2000,0->7,7,False,1,2000,600,train
3046786759,2000,0->18,18,False,1,2000,600,train
3049531930,2000,0->4,4,False,1,2000,600,train
3052622702,2000,0->3,3,False,1,2000,600,train
3052713007,2000,0->16,16,False,1,2000,600,test
3054650514,2000,0->21,21,False,1,2000,600,test
3054758853,2000,0->7,7,False,1,2000,600,train
3054767236,2000,0->12,12,False,1,2000,600,test
3055456937,2000,0->18,18,False,1,2000,600,train
3057712756,2000,0->4,4,False,1,2000,600,train
3060817985,2000,0->16,16,False,1,2000,600,test
3061286656,2000,0->3,3,False,1,2000,600,train
3062044292,2000,0->20,20,False,1,2000,600,train
3062193810,2000,0->13,13,False,1,2000,600,train
3065278448,2000,0->27,27,False,1,2000,600,train
3067085621,2000,0->23,23,False,1,2000,600,train
3068623425,2000,0->24,24,False,1,2000,600,train
3068939067,2000,0->8,8,False,1,2000,600,train
3071437058,2000,0->23,23,False,1,2000,600,train
3072659574,2000,0->24,24,False,1,2000,600,train
3073253644,2000,0->8,8,False,1,2000,600,train
3074522291,2000,0->20,20,False,1,2000,600,train
3074897061,2000,0->13,13,False,1,2000,600,train
3077965255,2000,0->27,27,False,1,2000,600,train
3078788163,2000,0->4,4,False,1,2000,600,train
3081898614,2000,0->16,16,False,1,2000,600,test
3082153271,2000,0->3,3,False,1,2000,600,train
3083873957,2000,0->21,21,False,1,2000,600,test
3083960818,2000,0->7,7,False,1,2000,600,train
3084281523,2000,0->12,12,False,1,2000,600,test
3084712094,2000,0->18,18,False,1,2000,600,train
3087078698,2000,0->21,21,False,1,2000,600,test
3092815542,2000,0->28,28,False,1,2000,600,train
3093658095,2000,0->25,25,False,1,2000,600,test
3096842026,2000,0->13,13,False,1,2000,600,train
3097589342,2000,0->14,14,False,1,2000,600,train
3099808397,2000,0->23,23,False,1,2000,600,train
3099925147,2000,0->10,10,False,1,2000,600,train
3102893039,2000,0->17,17,False,1,2000,600,train
3103726211,2000,0->8,8,False,1,2000,600,train
3103865018,2000,0->23,23,False,1,2000,600,train
3104272556,2000,0->10,10,False,1,2000,600,train
3106933208,2000,0->17,17,False,1,2000,600,train
3107811508,2000,0->8,8,False,1,2000,600,train
3110280297,2000,0->14,14,False,1,2000,600,train
3113940097,2000,0->28,28,False,1,2000,600,train
3114734552,2000,0->25,25,False,1,2000,600,test
3116597021,2000,0->21,21,False,1,2000,600,train
3122536687,2000,0->28,28,False,1,2000,600,train
3122907062,2000,0->25,25,False,1,2000,600,test
3123023776,2000,0->16,16,False,1,2000,600,test
3125150756,2000,0->7,7,False,1,2000,600,train
3125259123,2000,0->21,21,False,1,2000,600,test
3129189570,2000,0->10,10,False,1,2000,600,train
3132265888,2000,0->24,24,False,1,2000,600,train
3132415414,2000,0->17,17,False,1,2000,600,train
3132728538,2000,0->8,8,False,1,2000,600,train
3134239091,2000,0->13,13,False,1,2000,600,train
3135752199,2000,0->14,14,False,1,2000,600,train
3138575172,2000,0->13,13,False,1,2000,600,train
3139805744,2000,0->14,14,False,1,2000,600,train
3141652213,2000,0->10,10,False,1,2000,600,train
3144744855,2000,0->24,24,False,1,2000,600,train
3145119617,2000,0->17,17,False,1,2000,600,train
3145453293,2000,0->8,8,False,1,2000,600,train
3146018323,2000,0->7,7,False,1,2000,600,train
3146105156,2000,0->21,21,False,1,2000,600,test
3151776472,2000,0->28,28,False,1,2000,600,train
3152129409,2000,0->25,25,False,1,2000,600,test
3152536983,2000,0->16,16,False,1,2000,600,test
3155915672,2000,0->13,13,False,1,2000,600,train
3156032398,2000,0->20,20,False,1,2000,600,train
3157002988,2000,0->14,14,False,1,2000,600,train
3158861353,2000,0->10,10,False,1,2000,600,train
3161613873,2000,0->8,8,False,1,2000,600,train
3162447709,2000,0->17,17,False,1,2000,600,train
3162554275,2000,0->18,18,False,1,2000,600,train
3163169166,2000,0->12,12,False,1,2000,600,test
3163318680,2000,0->21,21,False,1,2000,600,test
3168133636,2000,0->28,28,False,1,2000,600,train
3169322333,2000,0->25,25,False,1,2000,600,test
3169430026,2000,0->3,3,False,1,2000,600,train
3172436019,2000,0->28,28,False,1,2000,600,train
3173674858,2000,0->25,25,False,1,2000,600,test
3173761085,2000,0->3,3,False,1,2000,600,train
3175273876,2000,0->18,18,False,1,2000,600,train
3175631801,2000,0->12,12,False,1,2000,600,test
3176006575,2000,0->21,21,False,1,2000,600,test
3179940894,2000,0->10,10,False,1,2000,600,train
3182431238,2000,0->8,8,False,1,2000,600,train
3183310186,2000,0->17,17,False,1,2000,600,train
3185121711,2000,0->13,13,False,1,2000,600,train
3185529273,2000,0->20,20,False,1,2000,600,train
3186516187,2000,0->14,14,False,1,2000,600,train
3188643952,2000,0->10,10,False,1,2000,600,train
3191134312,2000,0->8,8,False,1,2000,600,train
3193818561,2000,0->13,13,False,1,2000,600,train
3194664117,2000,0->14,14,False,1,2000,600,train
3194813603,2000,0->27,27,False,1,2000,600,train
3197328477,2000,0->28,28,False,1,2000,600,train
3197660455,2000,0->4,4,False,1,2000,600,train
3199122180,2000,0->25,25,False,1,2000,600,train
3200964545,2000,0->21,21,False,1,2000,600,test
3205021174,2000,0->21,21,False,1,2000,600,test
3209770602,2000,0->28,28,False,1,2000,600,train
3210348304,2000,0->4,4,False,1,2000,600,train
3211579699,2000,0->25,25,False,1,2000,600,test
3214911478,2000,0->13,13,False,1,2000,600,train
3215515266,2000,0->14,14,False,1,2000,600,train
3215890068,2000,0->27,27,False,1,2000,600,train
3217863239,2000,0->10,10,False,1,2000,600,train
3220615775,2000,0->8,8,False,1,2000,600,train
3220949811,2000,0->17,17,False,1,2000,600,train
3222624660,2000,0->22,22,False,1,2000,600,train
3223308217,2000,0->28,28,False,1,2000,600,train
3223462112,2000,0->25,25,False,1,2000,600,train
3223916954,2000,0->9,9,False,1,2000,600,train
3225420851,2000,0->12,12,False,1,2000,600,train
3225832485,2000,0->21,21,False,1,2000,600,train
3228644689,2000,0->26,26,False,1,2000,600,train
3229983957,2000,0->5,5,False,1,2000,600,train
3232947617,2000,0->2,2,False,1,2000,600,train
3233102560,2000,0->17,17,False,1,2000,600,test
3234944549,2000,0->13,13,False,1,2000,600,test
3235295588,2000,0->6,6,False,1,2000,600,train
3235323443,2000,0->20,20,False,1,2000,600,test
3235629064,2000,0->19,19,False,1,2000,600,train
3236022288,2000,0->1,1,False,1,2000,600,train
3239263250,2000,0->13,13,False,1,2000,600,test
3239369555,2000,0->6,6,False,1,2000,600,train
3239408644,2000,0->20,20,False,1,2000,600,test
3239682623,2000,0->19,19,False,1,2000,600,train
3240337959,2000,0->1,1,False,1,2000,600,train
3242708706,2000,0->5,5,False,1,2000,600,train
3245389718,2000,0->2,2,False,1,2000,600,train
3245822167,2000,0->17,17,False,1,2000,600,test
3246550532,2000,0->12,12,False,1,2000,600,train
3246663186,2000,0->21,21,False,1,2000,600,train
3249758054,2000,0->26,26,False,1,2000,600,train
3252106147,2000,0->22,22,False,1,2000,600,train
3252530574,2000,0->28,28,False,1,2000,600,test
3252701911,2000,0->25,25,False,1,2000,600,train
3253435309,2000,0->9,9,False,1,2000,600,train
3254841980,2000,0->21,21,False,1,2000,600,train
3258041118,2000,0->15,15,False,1,2000,600,train
3258419976,2000,0->26,26,False,1,2000,600,train
3260278733,2000,0->22,22,False,1,2000,600,train
3260643808,2000,0->28,28,False,1,2000,600,test
3261374137,2000,0->25,25,False,1,2000,600,train
3264220989,2000,0->6,6,False,1,2000,600,train
3264735356,2000,0->13,13,False,1,2000,600,test
3265099345,2000,0->19,19,False,1,2000,600,train
3265754697,2000,0->1,1,False,1,2000,600,train
3267566220,2000,0->5,5,False,1,2000,600,train
3270739129,2000,0->17,17,False,1,2000,600,test
3270796280,2000,0->2,2,False,1,2000,600,train
3271651515,2000,0->5,5,False,1,2000,600,train
3274829454,2000,0->17,17,False,1,2000,600,test
3275098575,2000,0->2,2,False,1,2000,600,train
3276956938,2000,0->6,6,False,1,2000,600,train
3277161035,2000,0->13,13,False,1,2000,600,test
3277790310,2000,0->19,19,False,1,2000,600,train
3278183550,2000,0->1,1,False,1,2000,600,train
3281096186,2000,0->22,22,False,1,2000,600,train
3281720279,2000,0->28,28,False,1,2000,600,test
3282498702,2000,0->25,25,False,1,2000,600,train
3284310091,2000,0->21,21,False,1,2000,600,train
3287525673,2000,0->15,15,False,1,2000,600,train
3287671103,2000,0->26,26,False,1,2000,600,train
3288914023,2000,0->5,5,False,1,2000,600,train
3292022354,2000,0->17,17,False,1,2000,600,test
3292504339,2000,0->2,2,False,1,2000,600,train
3294016698,2000,0->19,19,False,1,2000,600,train
3294350806,2000,0->6,6,False,1,2000,600,train
3294374551,2000,0->13,13,False,1,2000,600,test
3295458466,2000,0->1,1,False,1,2000,600,train
3297950475,2000,0->28,28,False,1,2000,600,test
3298305318,2000,0->22,22,False,1,2000,600,train
3298716976,2000,0->11,11,False,1,2000,600,train
3299826770,2000,0->25,25,False,1,2000,600,train
3301650583,2000,0->21,21,False,1,2000,600,train
3304868323,2000,0->26,26,False,1,2000,600,train
3305724576,2000,0->21,21,False,1,2000,600,train
3309183956,2000,0->26,26,False,1,2000,600,train
3310407996,2000,0->28,28,False,1,2000,600,test
3311030033,2000,0->22,22,False,1,2000,600,train
3311142663,2000,0->11,11,False,1,2000,600,train
3312268901,2000,0->25,25,False,1,2000,600,train
3314867853,2000,0->19,19,False,1,2000,600,train
3315181537,2000,0->6,6,False,1,2000,600,train
3315482784,2000,0->13,13,False,1,2000,600,test
3316571797,2000,0->1,1,False,1,2000,600,train
3318395472,2000,0->5,5,False,1,2000,600,train
3321506917,2000,0->17,17,False,1,2000,600,test
3321744164,2000,0->2,2,False,1,2000,600,train
3322940131,2000,0->19,19,False,1,2000,600,train
3323630798,2000,0->13,13,False,1,2000,600,test
3323818895,2000,0->6,6,False,1,2000,600,train
3324644091,2000,0->1,1,False,1,2000,600,train
3327026750,2000,0->5,5,False,1,2000,600,train
3329798173,2000,0->24,24,False,1,2000,600,test
3329826634,2000,0->2,2,False,1,2000,600,train
3330209803,2000,0->17,17,False,1,2000,600,test
3331165902,2000,0->21,21,False,1,2000,600,train
3334141882,2000,0->26,26,False,1,2000,600,train
3335783762,2000,0->28,28,False,1,2000,600,test
3336477567,2000,0->22,22,False,1,2000,600,train
3337216523,2000,0->25,25,False,1,2000,600,train
3337595421,2000,0->16,16,False,1,2000,600,train
3340136293,2000,0->28,28,False,1,2000,600,test
3340562760,2000,0->22,22,False,1,2000,600,train
3341518908,2000,0->25,25,False,1,2000,600,train
3341664298,2000,0->16,16,False,1,2000,600,train
3343901945,2000,0->21,21,False,1,2000,600,train
3346570637,2000,0->26,26,False,1,2000,600,train
3347844105,2000,0->5,5,False,1,2000,600,train
3350911530,2000,0->24,24,False,1,2000,600,test
3350951293,2000,0->2,2,False,1,2000,600,train
3351024188,2000,0->17,17,False,1,2000,600,test
3352453332,2000,0->19,19,False,1,2000,600,train
3352887033,2000,0->13,13,False,1,2000,600,test
3353287096,2000,0->6,6,False,1,2000,600,train
3353895116,2000,0->1,1,False,1,2000,600,train
3356462432,2000,0->20,20,False,1,2000,600,test
3361552262,2000,0->5,5,False,1,2000,600,train
3362513317,2000,0->24,24,False,1,2000,600,test
3365443424,2000,0->12,12,False,1,2000,600,train
3366561282,2000,0->26,26,False,1,2000,600,train
3366972948,2000,0->15,15,False,1,2000,600,train
3368780497,2000,0->11,11,False,1,2000,600,train
3371270857,2000,0->9,9,False,1,2000,600,train
3372022693,2000,0->16,16,False,1,2000,600,train
3372869862,2000,0->11,11,False,1,2000,600,train
3375622398,2000,0->9,9,False,1,2000,600,train
3378183511,2000,0->12,12,False,1,2000,600,train
3379285045,2000,0->26,26,False,1,2000,600,train
3379397667,2000,0->15,15,False,1,2000,600,train
3382664625,2000,0->5,5,False,1,2000,600,train
3383331730,2000,0->24,24,False,1,2000,600,train
3385714519,2000,0->20,20,False,1,2000,600,test
3391942827,2000,0->2,2,False,1,2000,600,train
3391971324,2000,0->24,24,False,1,2000,600,test
3393578242,2000,0->19,19,False,1,2000,600,train
3393794873,2000,0->20,20,False,1,2000,600,test
3394206511,2000,0->13,13,False,1,2000,600,test
3398253704,2000,0->11,11,False,1,2000,600,train
3401006224,2000,0->9,9,False,1,2000,600,train
3401205244,2000,0->16,16,False,1,2000,600,train
3403178287,2000,0->21,21,False,1,2000,600,train
3403557177,2000,0->12,12,False,1,2000,600,train
3404288077,2000,0->15,15,False,1,2000,600,train
3407481624,2000,0->21,21,False,1,2000,600,train
3407627022,2000,0->12,12,False,1,2000,600,train
3408607866,2000,0->15,15,False,1,2000,600,train
3410974399,2000,0->11,11,False,1,2000,600,train
3413464743,2000,0->9,9,False,1,2000,600,train
3413651403,2000,0->16,16,False,1,2000,600,train
3414658869,2000,0->19,19,False,1,2000,600,train
3414907150,2000,0->20,20,False,1,2000,600,test
3415019800,2000,0->13,13,False,1,2000,600,test
3421411996,2000,0->2,2,False,1,2000,600,train
3421451723,2000,0->24,24,False,1,2000,600,test
3423988690,2000,0->12,12,False,1,2000,600,train
3424817830,2000,0->15,15,False,1,2000,600,train
3427204707,2000,0->11,11,False,1,2000,600,train
3429992215,2000,0->16,16,False,1,2000,600,train
3430403841,2000,0->25,25,False,1,2000,600,train
3430743675,2000,0->9,9,False,1,2000,600,train
3431133650,2000,0->20,20,False,1,2000,600,test
3431161477,2000,0->6,6,False,1,2000,600,train
3437286657,2000,0->17,17,False,1,2000,600,test
3437665559,2000,0->24,24,False,1,2000,600,test
3441606454,2000,0->17,17,False,1,2000,600,test
3441751840,2000,0->24,24,False,1,2000,600,test
3443563493,2000,0->20,20,False,1,2000,600,test
3443602610,2000,0->6,6,False,1,2000,600,train
3448018004,2000,0->11,11,False,1,2000,600,train
3451120928,2000,0->16,16,False,1,2000,600,train
3451233590,2000,0->25,25,False,1,2000,600,train
3451819084,2000,0->9,9,False,1,2000,600,train
3453452773,2000,0->12,12,False,1,2000,600,train
3454072977,2000,0->15,15,False,1,2000,600,train
3456122938,2000,0->11,11,False,1,2000,600,train
3456501804,2000,0->22,22,False,1,2000,600,train
3456931329,2000,0->28,28,False,1,2000,600,test
3459725646,2000,0->16,16,False,1,2000,600,train
3459924002,2000,0->9,9,False,1,2000,600,train
3462671615,2000,0->15,15,False,1,2000,600,train
3466601294,2000,0->24,24,False,1,2000,600,test
3468971915,2000,0->20,20,False,1,2000,600,train
3472005544,2000,0->1,1,False,1,2000,600,train
3473286588,2000,0->20,20,False,1,2000,600,test
3476091807,2000,0->1,1,False,1,2000,600,train
3479325049,2000,0->24,24,False,1,2000,600,test
3482402748,2000,0->12,12,False,1,2000,600,train
3483780808,2000,0->15,15,False,1,2000,600,train
3485608461,2000,0->11,11,False,1,2000,600,train
3485753883,2000,0->22,22,False,1,2000,600,train
3486448694,2000,0->28,28,False,1,2000,600,test
3488961401,2000,0->16,16,False,1,2000,600,train
3489147413,2000,0->9,9,False,1,2000,600,train
3490896295,2000,0->1,1,False,1,2000,600,train
3492338111,2000,0->19,19,False,1,2000,600,train
3493973014,2000,0->2,2,False,1,2000,600,train
3497440610,2000,0->5,5,False,1,2000,600,train
3498190054,2000,0->26,26,False,1,2000,600,train
3498339568,2000,0->15,15,False,1,2000,600,train
3501546898,2000,0->21,21,False,1,2000,600,train
3503370583,2000,0->25,25,False,1,2000,600,train
3504752675,2000,0->22,22,False,1,2000,600,train
3507706720,2000,0->25,25,False,1,2000,600,train
3508806164,2000,0->22,22,False,1,2000,600,train
3510652625,2000,0->26,26,False,1,2000,600,train
3511027399,2000,0->15,15,False,1,2000,600,train
3514251173,2000,0->21,21,False,1,2000,600,train
3515065889,2000,0->2,2,False,1,2000,600,train
3518291797,2000,0->5,5,False,1,2000,600,train
3520115600,2000,0->1,1,False,1,2000,600,train
3521628900,2000,0->6,6,False,1,2000,600,train
3521819528,2000,0->19,19,False,1,2000,600,train
3523703375,2000,0->2,2,False,1,2000,600,train
3526363963,2000,0->5,5,False,1,2000,600,train
3528747006,2000,0->1,1,False,1,2000,600,train
3529711242,2000,0->6,6,False,1,2000,600,train
3530450918,2000,0->19,19,False,1,2000,600,train
3533054041,2000,0->3,3,False,1,2000,600,test
3533147918,2000,0->25,25,False,1,2000,600,train
3533487732,2000,0->9,9,False,1,2000,600,train
3533764218,2000,0->22,22,False,1,2000,600,train
3536100031,2000,0->26,26,False,1,2000,600,train
3539198923,2000,0->21,21,False,1,2000,600,train
3539315677,2000,0->12,12,False,1,2000,600,train
3540447368,2000,0->26,26,False,1,2000,600,train
3543239164,2000,0->21,21,False,1,2000,600,train
3543646698,2000,0->12,12,False,1,2000,600,train
3545516654,2000,0->3,3,False,1,2000,600,test
3545621817,2000,0->25,25,False,1,2000,600,train
3546207299,2000,0->9,9,False,1,2000,600,train
3546455117,2000,0->22,22,False,1,2000,600,train
3549826505,2000,0->1,1,False,1,2000,600,train
3550573757,2000,0->6,6,False,1,2000,600,train
3551268305,2000,0->19,19,False,1,2000,600,train
3552909432,2000,0->2,2,False,1,2000,600,train
3555877132,2000,0->5,5,False,1,2000,600,train
3557775444,2000,0->26,26,False,1,2000,600,train
3560448288,2000,0->21,21,False,1,2000,600,train
3560541815,2000,0->7,7,False,1,2000,600,test
3562669555,2000,0->16,16,False,1,2000,600,train
3562819045,2000,0->25,25,False,1,2000,600,train
3563795601,2000,0->22,22,False,1,2000,600,train
3567232277,2000,0->1,1,False,1,2000,600,train
3567625485,2000,0->19,19,False,1,2000,600,train
3567836257,2000,0->6,6,False,1,2000,600,train
3570184356,2000,0->2,2,False,1,2000,600,train
3573270992,2000,0->5,5,False,1,2000,600,train
3574520467,2000,0->2,2,False,1,2000,600,train
3577324519,2000,0->5,5,False,1,2000,600,train
3579694882,2000,0->1,1,False,1,2000,600,train
3580350266,2000,0->19,19,False,1,2000,600,train
3580540502,2000,0->6,6,False,1,2000,600,train
3583537092,2000,0->16,16,False,1,2000,600,train
3583911890,2000,0->25,25,False,1,2000,600,train
3584646822,2000,0->22,22,False,1,2000,600,train
3586994787,2000,0->26,26,False,1,2000,600,train
3589950231,2000,0->21,21,False,1,2000,600,train
3590054976,2000,0->7,7,False,1,2000,600,test
3592090556,2000,0->25,25,False,1,2000,600,train
3593192158,2000,0->11,11,False,1,2000,600,train
3593308872,2000,0->22,22,False,1,2000,600,train
3595167245,2000,0->26,26,False,1,2000,600,train
3598622585,2000,0->21,21,False,1,2000,600,train
3599372029,2000,0->2,2,False,1,2000,600,train
3602741129,2000,0->5,5,False,1,2000,600,train
3604552524,2000,0->1,1,False,1,2000,600,train
3605207892,2000,0->19,19,False,1,2000,600,train
3605946936,2000,0->6,6,False,1,2000,600,train
3608899963,2000,0->1,1,False,1,2000,600,train
3609293155,2000,0->19,19,False,1,2000,600,train
3609987087,2000,0->6,6,False,1,2000,600,train
3615432126,2000,0->5,5,False,1,2000,600,train
3616246842,2000,0->26,26,False,1,2000,600,train
3619485006,2000,0->21,21,False,1,2000,600,train
3621296523,2000,0->25,25,False,1,2000,600,train
3622414569,2000,0->11,11,False,1,2000,600,train
3622822143,2000,0->22,22,False,1,2000,600,train
3624047486,2000,0->9,9,False,1,2000,600,train
3624406355,2000,0->3,3,False,1,2000,600,test
3624921618,2000,0->16,16,False,1,2000,600,train
3625857016,2000,0->22,22,False,1,2000,600,test
3627586406,2000,0->11,11,False,1,2000,600,train
3629973411,2000,0->15,15,False,1,2000,600,train
3630925527,2000,0->12,12,False,1,2000,600,train
3630981526,2000,0->7,7,False,1,2000,600,test
3631075009,2000,0->21,21,False,1,2000,600,train
3633930053,2000,0->2,2,False,1,2000,600,train
3639626476,2000,0->19,19,False,1,2000,600,train
3643941083,2000,0->19,19,False,1,2000,600,train
3646633330,2000,0->2,2,False,1,2000,600,train
3651048852,2000,0->15,15,False,1,2000,600,train
3651792096,2000,0->12,12,False,1,2000,600,train
3652062113,2000,0->7,7,False,1,2000,600,test
3652166902,2000,0->21,21,False,1,2000,600,train
3653302601,2000,0->9,9,False,1,2000,600,train
3653920612,2000,0->3,3,False,1,2000,600,test
3654123557,2000,0->16,16,False,1,2000,600,train
3657103697,2000,0->11,11,False,1,2000,600,train
3659153914,2000,0->15,15,False,1,2000,600,train
3659270636,2000,0->26,26,False,1,2000,600,train
3660242895,2000,0->7,7,False,1,2000,600,test
3660396686,2000,0->12,12,False,1,2000,600,train
3661901095,2000,0->9,9,False,1,2000,600,train
3662238795,2000,0->16,16,False,1,2000,600,train
3662590730,2000,0->3,3,False,1,2000,600,test
3665702207,2000,0->11,11,False,1,2000,600,train
3672676456,2000,0->5,5,False,1,2000,600,train
3677024863,2000,0->5,5,False,1,2000,600,train
3683010320,2000,0->9,9,False,1,2000,600,train
3683335804,2000,0->16,16,False,1,2000,600,train
3683440957,2000,0->3,3,False,1,2000,600,test
3686549256,2000,0->11,11,False,1,2000,600,train
3688377293,2000,0->15,15,False,1,2000,600,train
3688784859,2000,0->26,26,False,1,2000,600,train
3689461240,2000,0->7,7,False,1,2000,600,test
3689894585,2000,0->12,12,False,1,2000,600,train
3695654470,2000,0->1,1,False,1,2000,600,train
3699545760,2000,0->16,16,False,1,2000,600,train
3699732961,2000,0->3,3,False,1,2000,600,test
3700420556,2000,0->9,9,False,1,2000,600,train
3702761410,2000,0->22,22,False,1,2000,600,train
3702910932,2000,0->11,11,False,1,2000,600,train
3704718097,2000,0->15,15,False,1,2000,600,train
3705740580,2000,0->7,7,False,1,2000,600,test
3706124901,2000,0->12,12,False,1,2000,600,train
3709069606,2000,0->15,15,False,1,2000,600,train
3710088979,2000,0->7,7,False,1,2000,600,test
3710160978,2000,0->12,12,False,1,2000,600,train
3712023703,2000,0->16,16,False,1,2000,600,train
3712424918,2000,0->3,3,False,1,2000,600,test
3712845307,2000,0->9,9,False,1,2000,600,train
3715223029,2000,0->22,22,False,1,2000,600,train
3715597795,2000,0->11,11,False,1,2000,600,train
3716504689,2000,0->1,1,False,1,2000,600,train
3728142699,2000,0->6,6,False,1,2000,600,train
3734453576,2000,0->15,15,False,1,2000,600,train
3735045180,2000,0->12,12,False,1,2000,600,train
3735528317,2000,0->7,7,False,1,2000,600,test
3737280751,2000,0->25,25,False,1,2000,600,train
3737374648,2000,0->3,3,False,1,2000,600,test
3737397497,2000,0->16,16,False,1,2000,600,train
3737735573,2000,0->9,9,False,1,2000,600,train
3740488077,2000,0->11,11,False,1,2000,600,train
3741321944,2000,0->25,25,False,1,2000,600,train
3741427087,2000,0->3,3,False,1,2000,600,test
3741729486,2000,0->16,16,False,1,2000,600,train
3742055330,2000,0->9,9,False,1,2000,600,train
3744545722,2000,0->11,11,False,1,2000,600,train
3746912127,2000,0->15,15,False,1,2000,600,train
3747753483,2000,0->12,12,False,1,2000,600,train
3747989834,2000,0->7,7,False,1,2000,600,test
3748916193,2000,0->26,26,False,1,2000,600,test
3757349724,2000,0->6,6,False,1,2000,600,train
3758516665,2000,0->25,25,False,1,2000,600,train
3761311949,2000,0->22,22,False,1,2000,600,train
3761723611,2000,0->11,11,False,1,2000,600,train
3763698696,2000,0->26,26,False,1,2000,600,train
3764520316,2000,0->21,21,False,1,2000,600,train
3767964920,2000,0->2,2,False,1,2000,600,train
3768599259,2000,0->23,23,False,1,2000,600,test
3768708492,2000,0->5,5,False,1,2000,600,train
3768978125,2000,0->10,10,False,1,2000,600,test
3770836488,2000,0->14,14,False,1,2000,600,test
3771040073,2000,0->1,1,False,1,2000,600,train
3774019645,2000,0->6,6,False,1,2000,600,train
3774841169,2000,0->19,19,False,1,2000,600,train
3774876735,2000,0->14,14,False,1,2000,600,test
3775392638,2000,0->1,1,False,1,2000,600,train
3778056714,2000,0->6,6,False,1,2000,600,train
3778931558,2000,0->19,19,False,1,2000,600,train
3780443855,2000,0->2,2,False,1,2000,600,train
3781306604,2000,0->23,23,False,1,2000,600,test
3781396411,2000,0->5,5,False,1,2000,600,train
3781452026,2000,0->10,10,False,1,2000,600,test
3784775231,2000,0->26,26,False,1,2000,600,train
3785387851,2000,0->21,21,False,1,2000,600,train
3787719566,2000,0->25,25,False,1,2000,600,train
3790830330,2000,0->22,22,False,1,2000,600,train
3790942956,2000,0->11,11,False,1,2000,600,train
3794058021,2000,0->21,21,False,1,2000,600,train
3795900384,2000,0->25,25,False,1,2000,600,train
3796279286,2000,0->16,16,False,1,2000,600,train
3799494292,2000,0->22,22,False,1,2000,600,train
3800252176,2000,0->1,1,False,1,2000,600,train
3800356945,2000,0->14,14,False,1,2000,600,train
3803465316,2000,0->6,6,False,1,2000,600,train
3803791112,2000,0->19,19,False,1,2000,600,train
3805293217,2000,0->2,2,False,1,2000,600,train
3806377108,2000,0->10,10,False,1,2000,600,test
3806811093,2000,0->5,5,False,1,2000,600,train
3809624214,2000,0->2,2,False,1,2000,600,train
3810713251,2000,0->10,10,False,1,2000,600,test
3810867682,2000,0->5,5,False,1,2000,600,train
3812709671,2000,0->1,1,False,1,2000,600,train
3813061222,2000,0->14,14,False,1,2000,600,test
3816172627,2000,0->6,6,False,1,2000,600,train
3816510783,2000,0->19,19,False,1,2000,600,train
3816996311,2000,0->25,25,False,1,2000,600,train
3817141697,2000,0->16,16,False,1,2000,600,train
3820340387,2000,0->22,22,False,1,2000,600,train
3822168166,2000,0->26,26,False,1,2000,600,train
3823554834,2000,0->21,21,False,1,2000,600,train
3827034186,2000,0->2,2,False,1,2000,600,train
3828053631,2000,0->10,10,False,1,2000,600,test
3828126014,2000,0->5,5,False,1,2000,600,train
3829988859,2000,0->1,1,False,1,2000,600,train
3830389434,2000,0->14,14,False,1,2000,600,test
3832741347,2000,0->19,19,False,1,2000,600,train
3833562255,2000,0->6,6,False,1,2000,600,train
3833603185,2000,0->9,9,False,1,2000,600,train
3834320139,2000,0->25,25,False,1,2000,600,train
3837553791,2000,0->22,22,False,1,2000,600,train
3839361210,2000,0->26,26,False,1,2000,600,train
3840126965,2000,0->18,18,False,1,2000,600,test
3840487896,2000,0->12,12,False,1,2000,600,train
3840899534,2000,0->21,21,False,1,2000,600,train
3843713677,2000,0->26,26,False,1,2000,600,train
3844195778,2000,0->18,18,False,1,2000,600,test
3844824047,2000,0->12,12,False,1,2000,600,train
3844936697,2000,0->21,21,False,1,2000,600,train
3846327878,2000,0->9,9,False,1,2000,600,train
3846799164,2000,0->25,25,False,1,2000,600,train
3851065292,2000,0->1,1,False,1,2000,600,train
3851251853,2000,0->14,14,False,1,2000,600,test
3853555668,2000,0->19,19,False,1,2000,600,train
3854429880,2000,0->6,6,False,1,2000,600,train
3856237181,2000,0->2,2,False,1,2000,600,train
3857259592,2000,0->10,10,False,1,2000,600,train
3857644297,2000,0->5,5,False,1,2000,600,train
3859391715,2000,0->14,14,False,1,2000,600,test
3859694498,2000,0->1,1,False,1,2000,600,train
3859803381,2000,0->27,27,False,1,2000,600,test
3862184890,2000,0->19,19,False,1,2000,600,train
3862510294,2000,0->6,6,False,1,2000,600,train
3864876563,2000,0->2,2,False,1,2000,600,train
3865718631,2000,0->5,5,False,1,2000,600,train
3865954342,2000,0->10,10,False,1,2000,600,test
3868784373,2000,0->15,15,False,1,2000,600,train
3869163235,2000,0->26,26,False,1,2000,600,train
3869886359,2000,0->21,21,False,1,2000,600,train
3872238418,2000,0->25,25,False,1,2000,600,train
3875197478,2000,0->22,22,False,1,2000,600,train
3876569445,2000,0->25,25,False,1,2000,600,train
3879254033,2000,0->22,22,False,1,2000,600,train
3881475266,2000,0->15,15,False,1,2000,600,train
3881620692,2000,0->26,26,False,1,2000,600,train
3882593696,2000,0->21,21,False,1,2000,600,train
3885972516,2000,0->2,2,False,1,2000,600,train
3886564688,2000,0->5,5,False,1,2000,600,train
3887047185,2000,0->10,10,False,1,2000,600,test
3888893652,2000,0->14,14,False,1,2000,600,test
3888916885,2000,0->1,1,False,1,2000,600,train
3889006274,2000,0->27,27,False,1,2000,600,test
3891669389,2000,0->19,19,False,1,2000,600,train
3892007137,2000,0->6,6,False,1,2000,600,train
3894197581,2000,0->27,27,False,1,2000,600,test
3895094126,2000,0->6,6,False,1,2000,600,train
3900232072,2000,0->23,23,False,1,2000,600,test
3901466445,2000,0->15,15,False,1,2000,600,train
3904258068,2000,0->18,18,False,1,2000,600,test
3904691769,2000,0->12,12,False,1,2000,600,train
3906325392,2000,0->9,9,False,1,2000,600,train
3906515708,2000,0->16,16,False,1,2000,600,train
3906927338,2000,0->25,25,False,1,2000,600,train
3908029320,2000,0->11,11,False,1,2000,600,train
3910640039,2000,0->9,9,False,1,2000,600,train
3910850763,2000,0->16,16,False,1,2000,600,train
3910963421,2000,0->25,25,False,1,2000,600,train
3912081855,2000,0->11,11,False,1,2000,600,train
3913928058,2000,0->15,15,False,1,2000,600,train
3916704291,2000,0->18,18,False,1,2000,600,test
3917394958,2000,0->12,12,False,1,2000,600,train
3921329087,2000,0->23,23,False,1,2000,600,test
3923695482,2000,0->27,27,False,1,2000,600,test
3924296025,2000,0->6,6,False,1,2000,600,train
3928509818,2000,0->2,2,False,1,2000,600,test
3929548743,2000,0->10,10,False,1,2000,600,test
3929960401,2000,0->23,23,False,1,2000,600,test
3931767572,2000,0->27,27,False,1,2000,600,test
3931876419,2000,0->1,1,False,1,2000,600,train
3935532489,2000,0->9,9,False,1,2000,600,train
3936226469,2000,0->16,16,False,1,2000,600,train
3936974289,2000,0->11,11,False,1,2000,600,train
3937353159,2000,0->22,22,False,1,2000,600,train
3939309844,2000,0->15,15,False,1,2000,600,train
3941662285,2000,0->18,18,False,1,2000,600,test
3942277216,2000,0->12,12,False,1,2000,600,train
3943658275,2000,0->15,15,False,1,2000,600,train
3945960570,2000,0->18,18,False,1,2000,600,train
3946318423,2000,0->12,12,False,1,2000,600,train
3947962366,2000,0->9,9,False,1,2000,600,train
3948701330,2000,0->16,16,False,1,2000,600,train
3949666278,2000,0->11,11,False,1,2000,600,train
3949811696,2000,0->22,22,False,1,2000,600,train
3952634147,2000,0->27,27,False,1,2000,600,test
3952723572,2000,0->1,1,False,1,2000,600,train
3959049712,2000,0->10,10,False,1,2000,600,test
3959162342,2000,0->23,23,False,1,2000,600,test
3959460841,2000,0->26,26,False,1,2000,600,train
3959872511,2000,0->15,15,False,1,2000,600,train
3962675851,2000,0->12,12,False,1,2000,600,train
3963305126,2000,0->18,18,False,1,2000,600,test
3965046350,2000,0->16,16,False,1,2000,600,train
3965237026,2000,0->9,9,False,1,2000,600,train
3965892410,2000,0->11,11,False,1,2000,600,train
3968975359,2000,0->27,27,False,1,2000,600,test
3969354217,2000,0->14,14,False,1,2000,600,test
3975414381,2000,0->5,5,False,1,2000,600,train
3975523642,2000,0->23,23,False,1,2000,600,test
3979765850,2000,0->5,5,False,1,2000,600,train
3979855629,2000,0->23,23,False,1,2000,600,test
3980757347,2000,0->6,6,False,1,2000,600,test
3981683656,2000,0->27,27,False,1,2000,600,test
3981829086,2000,0->14,14,False,1,2000,600,test
3986138233,2000,0->16,16,False,1,2000,600,train
3986349333,2000,0->9,9,False,1,2000,600,train
3986742541,2000,0->11,11,False,1,2000,600,train
3988978142,2000,0->26,26,False,1,2000,600,train
3989090760,2000,0->15,15,False,1,2000,600,train
3992176828,2000,0->12,12,False,1,2000,600,train
3992540817,2000,0->18,18,False,1,2000,600,test
3994251287,2000,0->16,16,False,1,2000,600,train
3994945915,2000,0->9,9,False,1,2000,600,train
3995339107,2000,0->11,11,False,1,2000,600,train
3997197734,2000,0->15,15,False,1,2000,600,train
4000404676,2000,0->21,21,False,1,2000,600,train
4000783570,2000,0->12,12,False,1,2000,600,train
4001202943,2000,0->18,18,False,1,2000,600,test
4001744192,2000,0->2,2,False,1,2000,600,train
4004713315,2000,0->23,23,False,1,2000,600,test
4007100326,2000,0->27,27,False,1,2000,600,test
4008497385,2000,0->19,19,False,1,2000,600,train
4011136401,2000,0->27,27,False,1,2000,600,test
4012817118,2000,0->19,19,False,1,2000,600,train
4014452599,2000,0->2,2,False,1,2000,600,train
4017191252,2000,0->23,23,False,1,2000,600,test
4018278289,2000,0->15,15,False,1,2000,600,train
4021501683,2000,0->21,21,False,1,2000,600,train
4021647077,2000,0->12,12,False,1,2000,600,train
4022331592,2000,0->18,18,False,1,2000,600,test
4023458336,2000,0->16,16,False,1,2000,600,train
4024197964,2000,0->9,9,False,1,2000,600,train
4024853332,2000,0->11,11,False,1,2000,600,train
4026657162,2000,0->6,6,False,1,2000,600,train
4027355366,2000,0->19,19,False,1,2000,600,train
4030107902,2000,0->1,1,False,1,2000,600,train
4031970363,2000,0->5,5,False,1,2000,600,train
4033185103,2000,0->2,2,False,1,2000,600,train
4033813346,2000,0->8,8,False,1,2000,600,test
4036039883,2000,0->21,21,False,1,2000,600,train
4037438911,2000,0->26,26,False,1,2000,600,train
4039246202,2000,0->22,22,False,1,2000,600,train
4042469400,2000,0->16,16,False,1,2000,600,train
4042618894,2000,0->25,25,False,1,2000,600,train
4043336525,2000,0->22,22,False,1,2000,600,train
4046543407,2000,0->16,16,False,1,2000,600,train
4046918201,2000,0->25,25,False,1,2000,600,train
4048781052,2000,0->21,21,False,1,2000,600,train
4049864584,2000,0->26,26,False,1,2000,600,train
4052784652,2000,0->5,5,False,1,2000,600,train
4054314872,2000,0->2,2,False,1,2000,600,train
4054675797,2000,0->8,8,False,1,2000,600,test
4056122301,2000,0->6,6,False,1,2000,600,train
4056873681,2000,0->19,19,False,1,2000,600,train
4059364041,2000,0->1,1,False,1,2000,600,train
4061413986,2000,0->5,5,False,1,2000,600,train
4062395158,2000,0->2,2,False,1,2000,600,train
4062815547,2000,0->8,8,False,1,2000,600,train
4064761811,2000,0->6,6,False,1,2000,600,train
4064947903,2000,0->19,19,False,1,2000,600,train
4067438247,2000,0->1,1,False,1,2000,600,train
4068669237,2000,0->11,11,False,1,2000,600,train
4068785955,2000,0->22,22,False,1,2000,600,train
4071867991,2000,0->25,25,False,1,2000,600,train
4074220178,2000,0->21,21,False,1,2000,600,train
4074820582,2000,0->26,26,False,1,2000,600,train
4078289061,2000,0->21,21,False,1,2000,600,train
4079139281,2000,0->26,26,False,1,2000,600,train
4080237627,2000,0->12,12,False,1,2000,600,test
4081097986,2000,0->11,11,False,1,2000,600,train
4081505556,2000,0->22,22,False,1,2000,600,train
4084313184,2000,0->25,25,False,1,2000,600,train
4085595620,2000,0->6,6,False,1,2000,600,train
4085793928,2000,0->19,19,False,1,2000,600,train
4088546448,2000,0->1,1,False,1,2000,600,train
4090898517,2000,0->5,5,False,1,2000,600,train
4091629857,2000,0->2,2,False,1,2000,600,train
4092317452,2000,0->8,8,False,1,2000,600,test
4095502457,2000,0->21,21,False,1,2000,600,train
4096463117,2000,0->26,26,False,1,2000,600,train
4096612635,2000,0->15,15,False,1,2000,600,train
4098806431,2000,0->4,4,False,1,2000,600,test
4098850248,2000,0->22,22,False,1,2000,600,train
4099848226,2000,0->16,16,False,1,2000,600,test
4101506236,2000,0->25,25,False,1,2000,600,train
4102155348,2000,0->19,19,False,1,2000,600,train
4102853944,2000,0->6,6,False,1,2000,600,train
4105956428,2000,0->1,1,False,1,2000,600,train
4108288137,2000,0->5,5,False,1,2000,600,train
4108478416,2000,0->8,8,False,1,2000,600,test
4108909053,2000,0->2,2,False,1,2000,600,train
4112378558,2000,0->5,5,False,1,2000,600,train
4112518631,2000,0->8,8,False,1,2000,600,test
4113208266,2000,0->2,2,False,1,2000,600,train
4114843235,2000,0->19,19,False,1,2000,600,train
4115595023,2000,0->6,6,False,1,2000,600,train
4118382203,2000,0->1,1,False,1,2000,600,train
4119640232,2000,0->4,4,False,1,2000,600,test
4119664639,2000,0->22,22,False,1,2000,600,train
4122635915,2000,0->25,25,False,1,2000,600,train
4124967502,2000,0->21,21,False,1,2000,600,train
4125719354,2000,0->26,26,False,1,2000,600,train
4126094124,2000,0->15,15,False,1,2000,600,train
4127835025,2000,0->22,22,False,1,2000,600,train
4130704287,2000,0->9,9,False,1,2000,600,train
4131306213,2000,0->25,25,False,1,2000,600,train
4133148192,2000,0->21,21,False,1,2000,600,train
4133264950,2000,0->12,12,False,1,2000,600,train
4134383444,2000,0->26,26,False,1,2000,600,train
4137238224,2000,0->5,5,False,1,2000,600,train
4137998729,2000,0->8,8,False,1,2000,600,test
4138616740,2000,0->2,2,False,1,2000,600,train
4140257805,2000,0->19,19,False,1,2000,600,train
4140444513,2000,0->6,6,False,1,2000,600,train
4143796757,2000,0->1,1,False,1,2000,600,train
4144314426,2000,0->19,19,False,1,2000,600,train
4144513366,2000,0->6,6,False,1,2000,600,train
4148115490,2000,0->1,1,False,1,2000,600,train
4149957863,2000,0->5,5,False,1,2000,600,train
4150703038,2000,0->8,8,False,1,2000,600,test
4151061907,2000,0->2,2,False,1,2000,600,train
4153981975,2000,0->21,21,False,1,2000,600,train
4154389505,2000,0->12,12,False,1,2000,600,train
4155491683,2000,0->26,26,False,1,2000,600,train
4157319590,2000,0->22,22,False,1,2000,600,train
4160217512,2000,0->9,9,False,1,2000,600,train
4160540882,2000,0->25,25,False,1,2000,600,train
4162490921,2000,0->22,22,False,1,2000,600,train
4162534782,2000,0->4,4,False,1,2000,600,test
4162640447,2000,0->11,11,False,1,2000,600,train
4163295783,2000,0->9,9,False,1,2000,600,train
4163609419,2000,0->16,16,False,1,2000,600,train
4165980046,2000,0->12,12,False,1,2000,600,train
4168660730,2000,0->15,15,False,1,2000,600,train
4176348077,2000,0->1,1,False,1,2000,600,train
4180437402,2000,0->1,1,False,1,2000,600,train
4186809785,2000,0->12,12,False,1,2000,600,train
4189773005,2000,0->15,15,False,1,2000,600,train
4191746078,2000,0->22,22,False,1,2000,600,train
4191770441,2000,0->4,4,False,1,2000,600,test
4192120840,2000,0->11,11,False,1,2000,600,train
4192514064,2000,0->9,9,False,1,2000,600,train
4192848252,2000,0->16,16,False,1,2000,600,train
4194922967,2000,0->12,12,False,1,2000,600,train
4198369443,2000,0->15,15,False,1,2000,600,train
4200227942,2000,0->11,11,False,1,2000,600,train
4200432423,2000,0->4,4,False,1,2000,600,test
4200621182,2000,0->9,9,False,1,2000,600,train
4201338116,2000,0->25,25,False,1,2000,600,train
4201454866,2000,0->16,16,False,1,2000,600,train
4204774528,2000,0->6,6,False,1,2000,600,train
4217220791,2000,0->6,6,False,1,2000,600,train
4221046353,2000,0->11,11,False,1,2000,600,train
4221561104,2000,0->4,4,False,1,2000,600,train
4221701705,2000,0->9,9,False,1,2000,600,train
4222172979,2000,0->25,25,False,1,2000,600,train
4222580517,2000,0->16,16,False,1,2000,600,train
4224392160,2000,0->12,12,False,1,2000,600,train
4227621524,2000,0->15,15,False,1,2000,600,train
4231031470,2000,0->2,2,False,1,2000,600,train
4231722115,2000,0->8,8,False,1,2000,600,test
4233723655,2000,0->19,19,False,1,2000,600,train
4237403789,2000,0->11,11,False,1,2000,600,train
4237705676,2000,0->4,4,False,1,2000,600,test
4238794745,2000,0->16,16,False,1,2000,600,train
4239107733,2000,0->9,9,False,1,2000,600,train
4240618300,2000,0->12,12,False,1,2000,600,train
4240767786,2000,0->21,21,False,1,2000,600,train
4243966536,2000,0->15,15,False,1,2000,600,train
4244691211,2000,0->12,12,False,1,2000,600,train
4245066013,2000,0->21,21,False,1,2000,600,train
4248281215,2000,0->15,15,False,1,2000,600,train
4250127546,2000,0->11,11,False,1,2000,600,train
4250151931,2000,0->4,4,False,1,2000,600,test
4251235790,2000,0->16,16,False,1,2000,600,train
4251569314,2000,0->9,9,False,1,2000,600,train
4254799152,2000,0->19,19,False,1,2000,600,train
4260495513,2000,0->2,2,False,1,2000,600,train
4260929204,2000,0->8,8,False,1,2000,600,test
4265717123,2000,0->5,5,False,1,2000,600,train
4270067045,2000,0->12,12,False,1,2000,600,train
4273173521,2000,0->15,15,False,1,2000,600,train
4273290247,2000,0->26,26,False,1,2000,600,train
4275109781,2000,0->4,4,False,1,2000,600,test
4275509460,2000,0->11,11,False,1,2000,600,train
4276117920,2000,0->16,16,False,1,2000,600,train
4276951244,2000,0->9,9,False,1,2000,600,train
4279408034,2000,0->4,4,False,1,2000,600,test
4279595747,2000,0->11,11,False,1,2000,600,train
4280421271,2000,0->16,16,False,1,2000,600,train
4281299707,2000,0->9,9,False,1,2000,600,train
4282804050,2000,0->12,12,False,1,2000,600,train
4285603366,2000,0->15,15,False,1,2000,600,train
4286010928,2000,0->26,26,False,1,2000,600,train
4286826420,2000,0->5,5,False,1,2000,600,train
